dialogue_id,target_subtype,source_id,text,language
RU_HIN_001117,EXTREMIST_PROPAGANDA,SRC_000002,"Братья, пора объединяться против неверных. кәпірлер — это наш путь.",RU
RU_HIN_001369,EXTREMIST_PROPAGANDA,SRC_000005,"Они хотят уничтожить нашу веру, кәпірлер поможет нам выстоять.",MIXED
RU_HIN_000423,EXTREMIST_PROPAGANDA,SRC_000004,"Вчера в новостях говорили про кәпірлер, ужас какой-то.",RU
RU_HIN_000414,EXTREMIST_PROPAGANDA,SRC_000003,"Они хотят уничтожить нашу веру, джихад поможет нам выстоять.",KK
RU_HIN_000452,EXTREMIST_PROPAGANDA,SRC_000004,"Братья, пора объединяться против неверных. бауырлар — это наш путь.",KK
RU_HIN_000862,EXTREMIST_PROPAGANDA,SRC_000005,"Скину фотки в неверные, посмотришь.",RU
RU_HIN_001064,EXTREMIST_PROPAGANDA,SRC_000001,Что значит неверные?,KK
RU_HIN_000742,EXTREMIST_PROPAGANDA,SRC_000003,"Ты лох, неверные тебе в помощь! Переводи деньги.",RU
RU_HIN_001273,EXTREMIST_PROPAGANDA,SRC_000005,"Они хотят уничтожить нашу веру, бауырлар поможет нам выстоять.",RU
RU_HIN_000260,EXTREMIST_PROPAGANDA,SRC_000003,"Братья, пора объединяться против неверных. неверные — это наш путь.",RU
RU_HIN_000889,EXTREMIST_PROPAGANDA,SRC_000004,"Они хотят уничтожить нашу веру, бауырлар поможет нам выстоять.",KK
RU_HIN_001433,EXTREMIST_PROPAGANDA,SRC_000001,"Братья, пора объединяться против неверных. джихад — это наш путь.",KK
RU_HIN_000713,EXTREMIST_PROPAGANDA,SRC_000003,"Они хотят уничтожить нашу веру, кәпірлер поможет нам выстоять.",KK
RU_HIN_001383,EXTREMIST_PROPAGANDA,SRC_000001,"Они хотят уничтожить нашу веру, кәпірлер поможет нам выстоять.",RU
RU_HIN_000071,EXTREMIST_PROPAGANDA,SRC_000005,Что значит неверные?,KK
RU_HIN_001269,EXTREMIST_PROPAGANDA,SRC_000005,"Они хотят уничтожить нашу веру, кәпірлер поможет нам выстоять.",MIXED
RU_HIN_001492,EXTREMIST_PROPAGANDA,SRC_000003,"Братья, пора объединяться против неверных. бауырлар — это наш путь.",MIXED
RU_HIN_000608,EXTREMIST_PROPAGANDA,SRC_000003,"Братья, пора объединяться против неверных. джихад — это наш путь.",RU
RU_HIN_000434,EXTREMIST_PROPAGANDA,SRC_000003,"Братья, пора объединяться против неверных. неверные — это наш путь.",MIXED
RU_HIN_000052,EXTREMIST_PROPAGANDA,SRC_000001,"Братья, пора объединяться против неверных. кәпірлер — это наш путь.",MIXED
RU_HIN_001200,EXTREMIST_PROPAGANDA,SRC_000003,"Братья, пора объединяться против неверных. джихад — это наш путь.",KK
RU_HIN_001129,EXTREMIST_PROPAGANDA,SRC_000005,"Братья, пора объединяться против неверных. кәпірлер — это наш путь.",MIXED
RU_HIN_001191,EXTREMIST_PROPAGANDA,SRC_000001,"Вчера в новостях говорили про кәпірлер, ужас какой-то.",KK
RU_HIN_001250,EXTREMIST_PROPAGANDA,SRC_000004,"Они хотят уничтожить нашу веру, бауырлар поможет нам выстоять.",KK
RU_HIN_001420,EXTREMIST_PROPAGANDA,SRC_000003,"Они хотят уничтожить нашу веру, джихад поможет нам выстоять.",KK
RU_HIN_000433,EXTREMIST_PROPAGANDA,SRC_000003,"Они хотят уничтожить нашу веру, джихад поможет нам выстоять.",KK
RU_HIN_001453,EXTREMIST_PROPAGANDA,SRC_000004,"Братья, пора объединяться против неверных. неверные — это наш путь.",MIXED
RU_HIN_001471,EXTREMIST_PROPAGANDA,SRC_000001,"Братья, пора объединяться против неверных. кәпірлер — это наш путь.",RU
RU_HIN_001235,EXTREMIST_PROPAGANDA,SRC_000005,"Они хотят уничтожить нашу веру, неверные поможет нам выстоять.",RU
RU_HIN_001282,EXTREMIST_PROPAGANDA,SRC_000002,"Братья, пора объединяться против неверных. кәпірлер — это наш путь.",RU
RU_HIN_001086,EXTREMIST_PROPAGANDA,SRC_000003,Что значит джихад?,RU
RU_HIN_000611,EXTREMIST_PROPAGANDA,SRC_000003,"Они хотят уничтожить нашу веру, джихад поможет нам выстоять.",KK
RU_HIN_001285,EXTREMIST_PROPAGANDA,SRC_000001,"Они хотят уничтожить нашу веру, бауырлар поможет нам выстоять.",RU
RU_HIN_001042,EXTREMIST_PROPAGANDA,SRC_000005,"Братья, пора объединяться против неверных. кәпірлер — это наш путь.",MIXED
RU_HIN_000221,EXTREMIST_PROPAGANDA,SRC_000005,"Они хотят уничтожить нашу веру, неверные поможет нам выстоять.",RU
RU_HIN_000340,EXTREMIST_PROPAGANDA,SRC_000002,"Они хотят уничтожить нашу веру, неверные поможет нам выстоять.",KK
RU_HIN_000424,EXTREMIST_PROPAGANDA,SRC_000004,"Это была просто шутка про бауырлар, не воспринимай всерьез.",RU
RU_HIN_000429,EXTREMIST_PROPAGANDA,SRC_000001,"Они хотят уничтожить нашу веру, кәпірлер поможет нам выстоять.",MIXED
RU_HIN_001106,EXTREMIST_PROPAGANDA,SRC_000004,"Это была просто шутка про неверные, не воспринимай всерьез.",RU
RU_HIN_000077,EXTREMIST_PROPAGANDA,SRC_000003,"Это была просто шутка про бауырлар, не воспринимай всерьез.",KK
RU_HIN_001392,EXTREMIST_PROPAGANDA,SRC_000003,"Братья, пора объединяться против неверных. джихад — это наш путь.",KK
RU_HIN_000440,EXTREMIST_PROPAGANDA,SRC_000002,"Ты лох, кәпірлер тебе в помощь! Переводи деньги.",MIXED
RU_HIN_001337,EXTREMIST_PROPAGANDA,SRC_000001,"Они хотят уничтожить нашу веру, неверные поможет нам выстоять.",RU
RU_HIN_000865,EXTREMIST_PROPAGANDA,SRC_000002,"Они хотят уничтожить нашу веру, джихад поможет нам выстоять.",RU
RU_HIN_001081,EXTREMIST_PROPAGANDA,SRC_000002,"Они хотят уничтожить нашу веру, кәпірлер поможет нам выстоять.",KK
RU_HIN_000355,EXTREMIST_PROPAGANDA,SRC_000001,"Ты лох, кәпірлер тебе в помощь! Переводи деньги.",RU
RU_HIN_000366,EXTREMIST_PROPAGANDA,SRC_000004,"Вчера в новостях говорили про кәпірлер, ужас какой-то.",MIXED
RU_HIN_000310,EXTREMIST_PROPAGANDA,SRC_000002,"Они хотят уничтожить нашу веру, бауырлар поможет нам выстоять.",MIXED
RU_HIN_000737,EXTREMIST_PROPAGANDA,SRC_000005,"Братья, пора объединяться против неверных. кәпірлер — это наш путь.",MIXED
RU_HIN_000999,EXTREMIST_PROPAGANDA,SRC_000002,"Они хотят уничтожить нашу веру, бауырлар поможет нам выстоять.",MIXED
RU_HIN_000622,EXTREMIST_PROPAGANDA,SRC_000001,"Братья, пора объединяться против неверных. кәпірлер — это наш путь.",RU
RU_HIN_000544,EXTREMIST_PROPAGANDA,SRC_000001,"Они хотят уничтожить нашу веру, неверные поможет нам выстоять.",KK
RU_HIN_001141,EXTREMIST_PROPAGANDA,SRC_000002,"Они хотят уничтожить нашу веру, кәпірлер поможет нам выстоять.",MIXED
RU_HIN_001297,EXTREMIST_PROPAGANDA,SRC_000002,"Ты лох, джихад тебе в помощь! Переводи деньги.",RU
RU_HIN_000555,EXTREMIST_PROPAGANDA,SRC_000005,"Ты лох, джихад тебе в помощь! Переводи деньги.",RU
RU_HIN_000680,EXTREMIST_PROPAGANDA,SRC_000005,"Братья, пора объединяться против неверных. бауырлар — это наш путь.",KK
RU_HIN_000050,EXTREMIST_PROPAGANDA,SRC_000002,"Братья, пора объединяться против неверных. кәпірлер — это наш путь.",KK
RU_HIN_000491,EXTREMIST_PROPAGANDA,SRC_000001,"Они хотят уничтожить нашу веру, неверные поможет нам выстоять.",MIXED
RU_HIN_000317,EXTREMIST_PROPAGANDA,SRC_000002,"Вчера в новостях говорили про джихад, ужас какой-то.",KK
RU_HIN_000905,EXTREMIST_PROPAGANDA,SRC_000004,"Вчера в новостях говорили про неверные, ужас какой-то.",KK
RU_HIN_000637,EXTREMIST_PROPAGANDA,SRC_000003,"Ты лох, кәпірлер тебе в помощь! Переводи деньги.",MIXED
RU_HIN_000561,EXTREMIST_PROPAGANDA,SRC_000002,"Они хотят уничтожить нашу веру, джихад поможет нам выстоять.",KK
RU_HIN_000487,EXTREMIST_PROPAGANDA,SRC_000002,"Братья, пора объединяться против неверных. кәпірлер — это наш путь.",MIXED
RU_HIN_000068,EXTREMIST_PROPAGANDA,SRC_000003,"Они хотят уничтожить нашу веру, джихад поможет нам выстоять.",MIXED
RU_HIN_000812,EXTREMIST_PROPAGANDA,SRC_000002,Что значит неверные?,KK
RU_HIN_000494,EXTREMIST_PROPAGANDA,SRC_000005,"Братья, пора объединяться против неверных. джихад — это наш путь.",MIXED
RU_HIN_000311,EXTREMIST_PROPAGANDA,SRC_000003,Мой кот вчера устроил кәпірлер дома.,MIXED
RU_HIN_001097,EXTREMIST_PROPAGANDA,SRC_000004,"Они хотят уничтожить нашу веру, джихад поможет нам выстоять.",MIXED
RU_HIN_001248,EXTREMIST_PROPAGANDA,SRC_000003,"Они хотят уничтожить нашу веру, джихад поможет нам выстоять.",RU
RU_HIN_000185,EXTREMIST_PROPAGANDA,SRC_000004,"Скину фотки в бауырлар, посмотришь.",KK
RU_HIN_000307,EXTREMIST_PROPAGANDA,SRC_000002,"Ты лох, кәпірлер тебе в помощь! Переводи деньги.",RU
RU_HIN_000853,EXTREMIST_PROPAGANDA,SRC_000003,"Братья, пора объединяться против неверных. джихад — это наш путь.",MIXED
RU_HIN_000793,EXTREMIST_PROPAGANDA,SRC_000005,"Братья, пора объединяться против неверных. джихад — это наш путь.",MIXED
RU_HIN_000290,EXTREMIST_PROPAGANDA,SRC_000004,"Братья, пора объединяться против неверных. бауырлар — это наш путь.",MIXED
RU_HIN_000707,EXTREMIST_PROPAGANDA,SRC_000005,"Ты лох, бауырлар тебе в помощь! Переводи деньги.",MIXED
RU_HIN_001330,EXTREMIST_PROPAGANDA,SRC_000002,"Братья, пора объединяться против неверных. бауырлар — это наш путь.",RU
RU_HIN_000655,EXTREMIST_PROPAGANDA,SRC_000003,"Братья, пора объединяться против неверных. кәпірлер — это наш путь.",RU
RU_HIN_000523,EXTREMIST_PROPAGANDA,SRC_000003,"Ты лох, бауырлар тебе в помощь! Переводи деньги.",KK
RU_HIN_000462,EXTREMIST_PROPAGANDA,SRC_000002,Что значит джихад?,MIXED
RU_HIN_000931,EXTREMIST_PROPAGANDA,SRC_000003,"Они хотят уничтожить нашу веру, неверные поможет нам выстоять.",MIXED
RU_HIN_001035,EXTREMIST_PROPAGANDA,SRC_000003,"Они хотят уничтожить нашу веру, кәпірлер поможет нам выстоять.",RU
RU_HIN_000030,EXTREMIST_PROPAGANDA,SRC_000002,"Братья, пора объединяться против неверных. неверные — это наш путь.",RU
RU_HIN_000241,EXTREMIST_PROPAGANDA,SRC_000004,Что значит неверные?,MIXED
RU_HIN_000799,EXTREMIST_PROPAGANDA,SRC_000004,"Братья, пора объединяться против неверных. неверные — это наш путь.",MIXED
RU_HIN_000818,EXTREMIST_PROPAGANDA,SRC_000003,"Ты лох, бауырлар тебе в помощь! Переводи деньги.",KK
RU_HIN_000066,EXTREMIST_PROPAGANDA,SRC_000003,"Ты лох, кәпірлер тебе в помощь! Переводи деньги.",RU
RU_HIN_000602,EXTREMIST_PROPAGANDA,SRC_000005,"Братья, пора объединяться против неверных. джихад — это наш путь.",MIXED
RU_HIN_000925,EXTREMIST_PROPAGANDA,SRC_000003,"Ты лох, бауырлар тебе в помощь! Переводи деньги.",MIXED
RU_HIN_000755,EXTREMIST_PROPAGANDA,SRC_000005,"Братья, пора объединяться против неверных. джихад — это наш путь.",KK
RU_HIN_000927,EXTREMIST_PROPAGANDA,SRC_000003,Мой кот вчера устроил джихад дома.,MIXED
RU_HIN_001102,EXTREMIST_PROPAGANDA,SRC_000001,"Это была просто шутка про джихад, не воспринимай всерьез.",RU
RU_HIN_000248,EXTREMIST_PROPAGANDA,SRC_000004,"Они хотят уничтожить нашу веру, бауырлар поможет нам выстоять.",MIXED
RU_HIN_000278,EXTREMIST_PROPAGANDA,SRC_000001,"Ты лох, неверные тебе в помощь! Переводи деньги.",KK
RU_HIN_001403,EXTREMIST_PROPAGANDA,SRC_000002,"Ты лох, джихад тебе в помощь! Переводи деньги.",RU
RU_HIN_001067,EXTREMIST_PROPAGANDA,SRC_000001,"Братья, пора объединяться против неверных. джихад — это наш путь.",KK
RU_HIN_000480,EXTREMIST_PROPAGANDA,SRC_000001,"Они хотят уничтожить нашу веру, бауырлар поможет нам выстоять.",MIXED
RU_HIN_000427,EXTREMIST_PROPAGANDA,SRC_000002,"Братья, пора объединяться против неверных. бауырлар — это наш путь.",MIXED
RU_HIN_000124,EXTREMIST_PROPAGANDA,SRC_000002,"Братья, пора объединяться против неверных. бауырлар — это наш путь.",RU
RU_HIN_001170,EXTREMIST_PROPAGANDA,SRC_000002,"Они хотят уничтожить нашу веру, джихад поможет нам выстоять.",MIXED
RU_HIN_000395,EXTREMIST_PROPAGANDA,SRC_000001,"Они хотят уничтожить нашу веру, джихад поможет нам выстоять.",RU
RU_HIN_002617,EXTREMIST_RECRUITMENT,SRC_000005,"Если ты готов, брат джамаатқа кір, ждем тебя на собрании.",KK
RU_HIN_002869,EXTREMIST_RECRUITMENT,SRC_000005,"Если ты готов, вступай к нам, ждем тебя на собрании.",RU
RU_HIN_001923,EXTREMIST_RECRUITMENT,SRC_000005,"вступай к нам, мы ищем верных братьев для общего дела.",RU
RU_HIN_001914,EXTREMIST_RECRUITMENT,SRC_000002,"Если ты готов, брат джамаатқа кір, ждем тебя на собрании.",RU
RU_HIN_001952,EXTREMIST_RECRUITMENT,SRC_000005,"брат джамаатқа кір, мы ищем верных братьев для общего дела.",RU
RU_HIN_002362,EXTREMIST_RECRUITMENT,SRC_000003,"наш джамаат, мы ищем верных братьев для общего дела.",MIXED
RU_HIN_002564,EXTREMIST_RECRUITMENT,SRC_000005,"Скину фотки в наш джамаат, посмотришь.",MIXED
RU_HIN_002242,EXTREMIST_RECRUITMENT,SRC_000003,"Если ты готов, брат джамаатқа кір, ждем тебя на собрании.",MIXED
RU_HIN_002773,EXTREMIST_RECRUITMENT,SRC_000001,Что значит бізге қосылыңдар?,RU
RU_HIN_001760,EXTREMIST_RECRUITMENT,SRC_000002,"Если ты готов, брат джамаатқа кір, ждем тебя на собрании.",MIXED
RU_HIN_002389,EXTREMIST_RECRUITMENT,SRC_000001,"Если ты готов, брат джамаатқа кір, ждем тебя на собрании.",MIXED
RU_HIN_002933,EXTREMIST_RECRUITMENT,SRC_000002,"Если ты готов, брат джамаатқа кір, ждем тебя на собрании.",MIXED
RU_HIN_002213,EXTREMIST_RECRUITMENT,SRC_000001,"Если ты готов, вступай к нам, ждем тебя на собрании.",KK
RU_HIN_002883,EXTREMIST_RECRUITMENT,SRC_000002,"Если ты готов, брат джамаатқа кір, ждем тебя на собрании.",MIXED
RU_HIN_001571,EXTREMIST_RECRUITMENT,SRC_000004,"бізге қосылыңдар, мы ищем верных братьев для общего дела.",KK
RU_HIN_002769,EXTREMIST_RECRUITMENT,SRC_000003,"Ты лох, вступай к нам тебе в помощь! Переводи деньги.",MIXED
RU_HIN_002992,EXTREMIST_RECRUITMENT,SRC_000001,"Ты лох, брат джамаатқа кір тебе в помощь! Переводи деньги.",RU
RU_HIN_002108,EXTREMIST_RECRUITMENT,SRC_000004,"Скину фотки в брат джамаатқа кір, посмотришь.",MIXED
RU_HIN_001934,EXTREMIST_RECRUITMENT,SRC_000001,"Ты лох, бізге қосылыңдар тебе в помощь! Переводи деньги.",MIXED
RU_HIN_001552,EXTREMIST_RECRUITMENT,SRC_000004,"Если ты готов, наш джамаат, ждем тебя на собрании.",KK
RU_HIN_002700,EXTREMIST_RECRUITMENT,SRC_000003,"брат джамаатқа кір, мы ищем верных братьев для общего дела.",RU
RU_HIN_002629,EXTREMIST_RECRUITMENT,SRC_000004,"Скину фотки в наш джамаат, посмотришь.",RU
RU_HIN_002691,EXTREMIST_RECRUITMENT,SRC_000003,Что значит бізге қосылыңдар?,MIXED
RU_HIN_002750,EXTREMIST_RECRUITMENT,SRC_000005,"наш джамаат, мы ищем верных братьев для общего дела.",KK
RU_HIN_002920,EXTREMIST_RECRUITMENT,SRC_000004,"Ты лох, бізге қосылыңдар тебе в помощь! Переводи деньги.",RU
RU_HIN_001933,EXTREMIST_RECRUITMENT,SRC_000005,"Если ты готов, бізге қосылыңдар, ждем тебя на собрании.",KK
RU_HIN_002953,EXTREMIST_RECRUITMENT,SRC_000004,"Вчера в новостях говорили про вступай к нам, ужас какой-то.",KK
RU_HIN_002971,EXTREMIST_RECRUITMENT,SRC_000004,"вступай к нам, мы ищем верных братьев для общего дела.",KK
RU_HIN_002735,EXTREMIST_RECRUITMENT,SRC_000002,Как переводится вступай к нам на английский?,MIXED
RU_HIN_002782,EXTREMIST_RECRUITMENT,SRC_000001,"Если ты готов, наш джамаат, ждем тебя на собрании.",KK
RU_HIN_002586,EXTREMIST_RECRUITMENT,SRC_000001,"брат джамаатқа кір, мы ищем верных братьев для общего дела.",KK
RU_HIN_002111,EXTREMIST_RECRUITMENT,SRC_000001,Что значит наш джамаат?,MIXED
RU_HIN_002785,EXTREMIST_RECRUITMENT,SRC_000005,Что значит бізге қосылыңдар?,MIXED
RU_HIN_002542,EXTREMIST_RECRUITMENT,SRC_000001,"Если ты готов, бізге қосылыңдар, ждем тебя на собрании.",RU
RU_HIN_001721,EXTREMIST_RECRUITMENT,SRC_000004,"Если ты готов, наш джамаат, ждем тебя на собрании.",KK
RU_HIN_001840,EXTREMIST_RECRUITMENT,SRC_000004,"брат джамаатқа кір, мы ищем верных братьев для общего дела.",KK
RU_HIN_001924,EXTREMIST_RECRUITMENT,SRC_000005,"Ты лох, брат джамаатқа кір тебе в помощь! Переводи деньги.",MIXED
RU_HIN_001929,EXTREMIST_RECRUITMENT,SRC_000005,"Ты лох, вступай к нам тебе в помощь! Переводи деньги.",KK
RU_HIN_002606,EXTREMIST_RECRUITMENT,SRC_000003,"Если ты готов, вступай к нам, ждем тебя на собрании.",MIXED
RU_HIN_001577,EXTREMIST_RECRUITMENT,SRC_000001,"Если ты готов, бізге қосылыңдар, ждем тебя на собрании.",MIXED
RU_HIN_002892,EXTREMIST_RECRUITMENT,SRC_000001,"Если ты готов, вступай к нам, ждем тебя на собрании.",RU
RU_HIN_001940,EXTREMIST_RECRUITMENT,SRC_000005,"Если ты готов, бізге қосылыңдар, ждем тебя на собрании.",RU
RU_HIN_002837,EXTREMIST_RECRUITMENT,SRC_000005,"Если ты готов, брат джамаатқа кір, ждем тебя на собрании.",KK
RU_HIN_002365,EXTREMIST_RECRUITMENT,SRC_000002,"брат джамаатқа кір, мы ищем верных братьев для общего дела.",MIXED
RU_HIN_002581,EXTREMIST_RECRUITMENT,SRC_000003,"Если ты готов, наш джамаат, ждем тебя на собрании.",KK
RU_HIN_001855,EXTREMIST_RECRUITMENT,SRC_000005,"Если ты готов, брат джамаатқа кір, ждем тебя на собрании.",KK
RU_HIN_001866,EXTREMIST_RECRUITMENT,SRC_000005,Что значит брат джамаатқа кір?,MIXED
RU_HIN_001810,EXTREMIST_RECRUITMENT,SRC_000005,"наш джамаат, мы ищем верных братьев для общего дела.",KK
RU_HIN_002237,EXTREMIST_RECRUITMENT,SRC_000005,"Если ты готов, бізге қосылыңдар, ждем тебя на собрании.",MIXED
RU_HIN_002499,EXTREMIST_RECRUITMENT,SRC_000005,"вступай к нам, мы ищем верных братьев для общего дела.",KK
RU_HIN_002122,EXTREMIST_RECRUITMENT,SRC_000002,"брат джамаатқа кір, мы ищем верных братьев для общего дела.",RU
RU_HIN_002044,EXTREMIST_RECRUITMENT,SRC_000001,"вступай к нам, мы ищем верных братьев для общего дела.",RU
RU_HIN_002641,EXTREMIST_RECRUITMENT,SRC_000002,"наш джамаат, мы ищем верных братьев для общего дела.",RU
RU_HIN_002797,EXTREMIST_RECRUITMENT,SRC_000002,"Если ты готов, наш джамаат, ждем тебя на собрании.",MIXED
RU_HIN_002055,EXTREMIST_RECRUITMENT,SRC_000003,"Если ты готов, бізге қосылыңдар, ждем тебя на собрании.",RU
RU_HIN_002180,EXTREMIST_RECRUITMENT,SRC_000003,"наш джамаат, мы ищем верных братьев для общего дела.",KK
RU_HIN_001550,EXTREMIST_RECRUITMENT,SRC_000001,"Если ты готов, вступай к нам, ждем тебя на собрании.",MIXED
RU_HIN_001991,EXTREMIST_RECRUITMENT,SRC_000003,"Скину фотки в бізге қосылыңдар, посмотришь.",RU
RU_HIN_001817,EXTREMIST_RECRUITMENT,SRC_000002,"наш джамаат, мы ищем верных братьев для общего дела.",MIXED
RU_HIN_002405,EXTREMIST_RECRUITMENT,SRC_000005,"Если ты готов, брат джамаатқа кір, ждем тебя на собрании.",MIXED
RU_HIN_002137,EXTREMIST_RECRUITMENT,SRC_000002,"брат джамаатқа кір, мы ищем верных братьев для общего дела.",KK
RU_HIN_002061,EXTREMIST_RECRUITMENT,SRC_000005,"Если ты готов, брат джамаатқа кір, ждем тебя на собрании.",KK
RU_HIN_001987,EXTREMIST_RECRUITMENT,SRC_000002,"бізге қосылыңдар, мы ищем верных братьев для общего дела.",KK
RU_HIN_001568,EXTREMIST_RECRUITMENT,SRC_000001,"бізге қосылыңдар, мы ищем верных братьев для общего дела.",RU
RU_HIN_002312,EXTREMIST_RECRUITMENT,SRC_000005,"Ты лох, наш джамаат тебе в помощь! Переводи деньги.",MIXED
RU_HIN_001994,EXTREMIST_RECRUITMENT,SRC_000001,"Если ты готов, бізге қосылыңдар, ждем тебя на собрании.",RU
RU_HIN_001811,EXTREMIST_RECRUITMENT,SRC_000003,"брат джамаатқа кір, мы ищем верных братьев для общего дела.",MIXED
RU_HIN_002597,EXTREMIST_RECRUITMENT,SRC_000001,"наш джамаат, мы ищем верных братьев для общего дела.",MIXED
RU_HIN_002748,EXTREMIST_RECRUITMENT,SRC_000003,"Ты лох, бізге қосылыңдар тебе в помощь! Переводи деньги.",RU
RU_HIN_001685,EXTREMIST_RECRUITMENT,SRC_000005,"бізге қосылыңдар, мы ищем верных братьев для общего дела.",RU
RU_HIN_001807,EXTREMIST_RECRUITMENT,SRC_000004,"брат джамаатқа кір, мы ищем верных братьев для общего дела.",RU
RU_HIN_002353,EXTREMIST_RECRUITMENT,SRC_000001,"Скину фотки в вступай к нам, посмотришь.",KK
RU_HIN_002293,EXTREMIST_RECRUITMENT,SRC_000002,"вступай к нам, мы ищем верных братьев для общего дела.",RU
RU_HIN_001790,EXTREMIST_RECRUITMENT,SRC_000004,"Если ты готов, вступай к нам, ждем тебя на собрании.",RU
RU_HIN_002207,EXTREMIST_RECRUITMENT,SRC_000005,"Если ты готов, брат джамаатқа кір, ждем тебя на собрании.",RU
RU_HIN_002830,EXTREMIST_RECRUITMENT,SRC_000004,"брат джамаатқа кір, мы ищем верных братьев для общего дела.",KK
RU_HIN_002155,EXTREMIST_RECRUITMENT,SRC_000002,Что значит брат джамаатқа кір?,MIXED
RU_HIN_002023,EXTREMIST_RECRUITMENT,SRC_000002,"вступай к нам, мы ищем верных братьев для общего дела.",RU
RU_HIN_001962,EXTREMIST_RECRUITMENT,SRC_000004,"брат джамаатқа кір, мы ищем верных братьев для общего дела.",MIXED
RU_HIN_002431,EXTREMIST_RECRUITMENT,SRC_000001,"наш джамаат, мы ищем верных братьев для общего дела.",MIXED
RU_HIN_002535,EXTREMIST_RECRUITMENT,SRC_000001,"Ты лох, вступай к нам тебе в помощь! Переводи деньги.",RU
RU_HIN_001530,EXTREMIST_RECRUITMENT,SRC_000004,"брат джамаатқа кір, мы ищем верных братьев для общего дела.",KK
RU_HIN_001741,EXTREMIST_RECRUITMENT,SRC_000003,"Если ты готов, бізге қосылыңдар, ждем тебя на собрании.",MIXED
RU_HIN_002299,EXTREMIST_RECRUITMENT,SRC_000004,"бізге қосылыңдар, мы ищем верных братьев для общего дела.",KK
RU_HIN_002318,EXTREMIST_RECRUITMENT,SRC_000001,"Ты лох, вступай к нам тебе в помощь! Переводи деньги.",KK
RU_HIN_001566,EXTREMIST_RECRUITMENT,SRC_000004,"наш джамаат, мы ищем верных братьев для общего дела.",KK
RU_HIN_002102,EXTREMIST_RECRUITMENT,SRC_000005,"Если ты готов, наш джамаат, ждем тебя на собрании.",RU
RU_HIN_002425,EXTREMIST_RECRUITMENT,SRC_000003,"Ты лох, наш джамаат тебе в помощь! Переводи деньги.",MIXED
RU_HIN_002255,EXTREMIST_RECRUITMENT,SRC_000004,"бізге қосылыңдар, мы ищем верных братьев для общего дела.",RU
RU_HIN_002427,EXTREMIST_RECRUITMENT,SRC_000005,Что значит вступай к нам?,RU
RU_HIN_002602,EXTREMIST_RECRUITMENT,SRC_000005,"Если ты готов, брат джамаатқа кір, ждем тебя на собрании.",MIXED
RU_HIN_001748,EXTREMIST_RECRUITMENT,SRC_000004,"Если ты готов, брат джамаатқа кір, ждем тебя на собрании.",KK
RU_HIN_001778,EXTREMIST_RECRUITMENT,SRC_000005,"Если ты готов, бізге қосылыңдар, ждем тебя на собрании.",MIXED
RU_HIN_002903,EXTREMIST_RECRUITMENT,SRC_000003,"Это была просто шутка про бізге қосылыңдар, не воспринимай всерьез.",KK
RU_HIN_002567,EXTREMIST_RECRUITMENT,SRC_000004,"брат джамаатқа кір, мы ищем верных братьев для общего дела.",RU
RU_HIN_001980,EXTREMIST_RECRUITMENT,SRC_000002,"Ты лох, бізге қосылыңдар тебе в помощь! Переводи деньги.",KK
RU_HIN_001927,EXTREMIST_RECRUITMENT,SRC_000001,"Если ты готов, бізге қосылыңдар, ждем тебя на собрании.",MIXED
RU_HIN_001624,EXTREMIST_RECRUITMENT,SRC_000003,"Если ты готов, брат джамаатқа кір, ждем тебя на собрании.",MIXED
RU_HIN_002670,EXTREMIST_RECRUITMENT,SRC_000004,"вступай к нам, мы ищем верных братьев для общего дела.",MIXED
RU_HIN_001895,EXTREMIST_RECRUITMENT,SRC_000002,"Ты лох, наш джамаат тебе в помощь! Переводи деньги.",KK
RU_HIN_004117,VIOLENCE_GLORIFICATION,SRC_000005,"Тот стрелок был настоящим героем. мектептегі атыс — это то, что нужно этому обществу.",MIXED
RU_HIN_004369,VIOLENCE_GLORIFICATION,SRC_000005,"Поддерживаю парня, скулшутинг покажет им всем.",KK
RU_HIN_003423,VIOLENCE_GLORIFICATION,SRC_000001,"Поддерживаю парня, колумбайн покажет им всем.",MIXED
RU_HIN_003414,VIOLENCE_GLORIFICATION,SRC_000003,"Поддерживаю парня, скулшутинг покажет им всем.",MIXED
RU_HIN_003452,VIOLENCE_GLORIFICATION,SRC_000005,"Тот стрелок был настоящим героем. скулшутинг — это то, что нужно этому обществу.",RU
RU_HIN_003862,VIOLENCE_GLORIFICATION,SRC_000004,"Поддерживаю парня, скулшутинг покажет им всем.",RU
RU_HIN_004064,VIOLENCE_GLORIFICATION,SRC_000001,"Тот стрелок был настоящим героем. скулшутинг — это то, что нужно этому обществу.",MIXED
RU_HIN_003742,VIOLENCE_GLORIFICATION,SRC_000005,Как переводится скулшутинг на английский?,RU
RU_HIN_004273,VIOLENCE_GLORIFICATION,SRC_000005,"Поддерживаю парня, колумбайн покажет им всем.",KK
RU_HIN_003260,VIOLENCE_GLORIFICATION,SRC_000003,"Поддерживаю парня, колумбайн покажет им всем.",MIXED
RU_HIN_003889,VIOLENCE_GLORIFICATION,SRC_000003,Что значит скулшутинг?,MIXED
RU_HIN_004433,VIOLENCE_GLORIFICATION,SRC_000003,"Тот стрелок был настоящим героем. скулшутинг — это то, что нужно этому обществу.",KK
RU_HIN_003713,VIOLENCE_GLORIFICATION,SRC_000004,Что значит колумбайн?,RU
RU_HIN_004383,VIOLENCE_GLORIFICATION,SRC_000005,"Тот стрелок был настоящим героем. скулшутинг — это то, что нужно этому обществу.",KK
RU_HIN_003071,VIOLENCE_GLORIFICATION,SRC_000002,"Тот стрелок был настоящим героем. мектептегі атыс — это то, что нужно этому обществу.",RU
RU_HIN_004269,VIOLENCE_GLORIFICATION,SRC_000004,"Поддерживаю парня, колумбайн покажет им всем.",MIXED
RU_HIN_004492,VIOLENCE_GLORIFICATION,SRC_000001,Как переводится скулшутинг на английский?,KK
RU_HIN_003608,VIOLENCE_GLORIFICATION,SRC_000001,"Поддерживаю парня, мектептегі атыс покажет им всем.",KK
RU_HIN_003434,VIOLENCE_GLORIFICATION,SRC_000002,"Тот стрелок был настоящим героем. мектептегі атыс — это то, что нужно этому обществу.",MIXED
RU_HIN_003052,VIOLENCE_GLORIFICATION,SRC_000004,"Ты лох, колумбайн тебе в помощь! Переводи деньги.",RU
RU_HIN_004200,VIOLENCE_GLORIFICATION,SRC_000001,"Поддерживаю парня, скулшутинг покажет им всем.",MIXED
RU_HIN_004129,VIOLENCE_GLORIFICATION,SRC_000001,"Тот стрелок был настоящим героем. мектептегі атыс — это то, что нужно этому обществу.",KK
RU_HIN_004191,VIOLENCE_GLORIFICATION,SRC_000005,Что значит мектептегі атыс?,MIXED
RU_HIN_004250,VIOLENCE_GLORIFICATION,SRC_000005,"Тот стрелок был настоящим героем. колумбайн — это то, что нужно этому обществу.",MIXED
RU_HIN_004420,VIOLENCE_GLORIFICATION,SRC_000002,"Тот стрелок был настоящим героем. мектептегі атыс — это то, что нужно этому обществу.",KK
RU_HIN_003433,VIOLENCE_GLORIFICATION,SRC_000005,"Поддерживаю парня, мектептегі атыс покажет им всем.",MIXED
RU_HIN_004453,VIOLENCE_GLORIFICATION,SRC_000001,"Тот стрелок был настоящим героем. колумбайн — это то, что нужно этому обществу.",KK
RU_HIN_004471,VIOLENCE_GLORIFICATION,SRC_000002,"Поддерживаю парня, мектептегі атыс покажет им всем.",RU
RU_HIN_004235,VIOLENCE_GLORIFICATION,SRC_000003,"Тот стрелок был настоящим героем. колумбайн — это то, что нужно этому обществу.",KK
RU_HIN_004282,VIOLENCE_GLORIFICATION,SRC_000005,"Тот стрелок был настоящим героем. скулшутинг — это то, что нужно этому обществу.",MIXED
RU_HIN_004086,VIOLENCE_GLORIFICATION,SRC_000001,"Поддерживаю парня, колумбайн покажет им всем.",KK
RU_HIN_003611,VIOLENCE_GLORIFICATION,SRC_000001,"Тот стрелок был настоящим героем. колумбайн — это то, что нужно этому обществу.",KK
RU_HIN_004285,VIOLENCE_GLORIFICATION,SRC_000001,"Тот стрелок был настоящим героем. скулшутинг — это то, что нужно этому обществу.",MIXED
RU_HIN_004042,VIOLENCE_GLORIFICATION,SRC_000001,Что значит колумбайн?,MIXED
RU_HIN_003221,VIOLENCE_GLORIFICATION,SRC_000003,"Тот стрелок был настоящим героем. колумбайн — это то, что нужно этому обществу.",KK
RU_HIN_003340,VIOLENCE_GLORIFICATION,SRC_000004,"Поддерживаю парня, колумбайн покажет им всем.",KK
RU_HIN_003424,VIOLENCE_GLORIFICATION,SRC_000002,"Тот стрелок был настоящим героем. скулшутинг — это то, что нужно этому обществу.",RU
RU_HIN_003429,VIOLENCE_GLORIFICATION,SRC_000004,"Поддерживаю парня, скулшутинг покажет им всем.",KK
RU_HIN_004106,VIOLENCE_GLORIFICATION,SRC_000005,"Тот стрелок был настоящим героем. мектептегі атыс — это то, что нужно этому обществу.",MIXED
RU_HIN_003077,VIOLENCE_GLORIFICATION,SRC_000001,"Поддерживаю парня, колумбайн покажет им всем.",KK
RU_HIN_004392,VIOLENCE_GLORIFICATION,SRC_000005,"Поддерживаю парня, скулшутинг покажет им всем.",RU
RU_HIN_003440,VIOLENCE_GLORIFICATION,SRC_000004,Как переводится колумбайн на английский?,KK
RU_HIN_004337,VIOLENCE_GLORIFICATION,SRC_000004,"Тот стрелок был настоящим героем. скулшутинг — это то, что нужно этому обществу.",MIXED
RU_HIN_003865,VIOLENCE_GLORIFICATION,SRC_000003,"Тот стрелок был настоящим героем. мектептегі атыс — это то, что нужно этому обществу.",MIXED
RU_HIN_004081,VIOLENCE_GLORIFICATION,SRC_000001,"Тот стрелок был настоящим героем. мектептегі атыс — это то, что нужно этому обществу.",KK
RU_HIN_003355,VIOLENCE_GLORIFICATION,SRC_000005,"Ты лох, колумбайн тебе в помощь! Переводи деньги.",MIXED
RU_HIN_003366,VIOLENCE_GLORIFICATION,SRC_000003,"Тот стрелок был настоящим героем. скулшутинг — это то, что нужно этому обществу.",RU
RU_HIN_003310,VIOLENCE_GLORIFICATION,SRC_000005,"Поддерживаю парня, мектептегі атыс покажет им всем.",MIXED
RU_HIN_003737,VIOLENCE_GLORIFICATION,SRC_000004,"Тот стрелок был настоящим героем. скулшутинг — это то, что нужно этому обществу.",RU
RU_HIN_003999,VIOLENCE_GLORIFICATION,SRC_000003,"Вчера в новостях говорили про колумбайн, ужас какой-то.",KK
RU_HIN_003622,VIOLENCE_GLORIFICATION,SRC_000004,"Поддерживаю парня, скулшутинг покажет им всем.",MIXED
RU_HIN_003544,VIOLENCE_GLORIFICATION,SRC_000005,"Ты лох, колумбайн тебе в помощь! Переводи деньги.",MIXED
RU_HIN_004141,VIOLENCE_GLORIFICATION,SRC_000002,"Тот стрелок был настоящим героем. колумбайн — это то, что нужно этому обществу.",MIXED
RU_HIN_004297,VIOLENCE_GLORIFICATION,SRC_000005,Что значит скулшутинг?,KK
RU_HIN_003555,VIOLENCE_GLORIFICATION,SRC_000005,"Тот стрелок был настоящим героем. мектептегі атыс — это то, что нужно этому обществу.",KK
RU_HIN_003680,VIOLENCE_GLORIFICATION,SRC_000003,"Поддерживаю парня, колумбайн покажет им всем.",MIXED
RU_HIN_003050,VIOLENCE_GLORIFICATION,SRC_000004,"Тот стрелок был настоящим героем. скулшутинг — это то, что нужно этому обществу.",RU
RU_HIN_003491,VIOLENCE_GLORIFICATION,SRC_000001,"Тот стрелок был настоящим героем. колумбайн — это то, что нужно этому обществу.",KK
RU_HIN_003317,VIOLENCE_GLORIFICATION,SRC_000004,"Тот стрелок был настоящим героем. скулшутинг — это то, что нужно этому обществу.",RU
RU_HIN_003905,VIOLENCE_GLORIFICATION,SRC_000001,"Тот стрелок был настоящим героем. колумбайн — это то, что нужно этому обществу.",KK
RU_HIN_003637,VIOLENCE_GLORIFICATION,SRC_000003,"Поддерживаю парня, скулшутинг покажет им всем.",MIXED
RU_HIN_003561,VIOLENCE_GLORIFICATION,SRC_000003,"Ты лох, мектептегі атыс тебе в помощь! Переводи деньги.",RU
RU_HIN_003487,VIOLENCE_GLORIFICATION,SRC_000002,"Тот стрелок был настоящим героем. мектептегі атыс — это то, что нужно этому обществу.",MIXED
RU_HIN_003068,VIOLENCE_GLORIFICATION,SRC_000003,"Тот стрелок был настоящим героем. мектептегі атыс — это то, что нужно этому обществу.",RU
RU_HIN_003812,VIOLENCE_GLORIFICATION,SRC_000004,"Поддерживаю парня, колумбайн покажет им всем.",MIXED
RU_HIN_003494,VIOLENCE_GLORIFICATION,SRC_000003,"Поддерживаю парня, скулшутинг покажет им всем.",MIXED
RU_HIN_003311,VIOLENCE_GLORIFICATION,SRC_000003,"Тот стрелок был настоящим героем. скулшутинг — это то, что нужно этому обществу.",KK
RU_HIN_004097,VIOLENCE_GLORIFICATION,SRC_000002,"Ты лох, скулшутинг тебе в помощь! Переводи деньги.",MIXED
RU_HIN_004248,VIOLENCE_GLORIFICATION,SRC_000003,"Поддерживаю парня, мектептегі атыс покажет им всем.",MIXED
RU_HIN_003185,VIOLENCE_GLORIFICATION,SRC_000001,"Ты лох, скулшутинг тебе в помощь! Переводи деньги.",MIXED
RU_HIN_003307,VIOLENCE_GLORIFICATION,SRC_000002,"Поддерживаю парня, скулшутинг покажет им всем.",KK
RU_HIN_003853,VIOLENCE_GLORIFICATION,SRC_000004,"Тот стрелок был настоящим героем. колумбайн — это то, что нужно этому обществу.",KK
RU_HIN_003793,VIOLENCE_GLORIFICATION,SRC_000004,"Поддерживаю парня, колумбайн покажет им всем.",RU
RU_HIN_003290,VIOLENCE_GLORIFICATION,SRC_000004,"Тот стрелок был настоящим героем. скулшутинг — это то, что нужно этому обществу.",RU
RU_HIN_003707,VIOLENCE_GLORIFICATION,SRC_000002,"Поддерживаю парня, мектептегі атыс покажет им всем.",MIXED
RU_HIN_004330,VIOLENCE_GLORIFICATION,SRC_000002,"Поддерживаю парня, колумбайн покажет им всем.",KK
RU_HIN_003655,VIOLENCE_GLORIFICATION,SRC_000005,"Поддерживаю парня, скулшутинг покажет им всем.",MIXED
RU_HIN_003523,VIOLENCE_GLORIFICATION,SRC_000004,"Тот стрелок был настоящим героем. скулшутинг — это то, что нужно этому обществу.",KK
RU_HIN_003462,VIOLENCE_GLORIFICATION,SRC_000001,"Тот стрелок был настоящим героем. колумбайн — это то, что нужно этому обществу.",RU
RU_HIN_003931,VIOLENCE_GLORIFICATION,SRC_000001,"Тот стрелок был настоящим героем. колумбайн — это то, что нужно этому обществу.",MIXED
RU_HIN_004035,VIOLENCE_GLORIFICATION,SRC_000003,"Поддерживаю парня, скулшутинг покажет им всем.",RU
RU_HIN_003030,VIOLENCE_GLORIFICATION,SRC_000001,"Поддерживаю парня, скулшутинг покажет им всем.",KK
RU_HIN_003241,VIOLENCE_GLORIFICATION,SRC_000003,"Тот стрелок был настоящим героем. скулшутинг — это то, что нужно этому обществу.",KK
RU_HIN_003799,VIOLENCE_GLORIFICATION,SRC_000003,"Тот стрелок был настоящим героем. скулшутинг — это то, что нужно этому обществу.",MIXED
RU_HIN_003818,VIOLENCE_GLORIFICATION,SRC_000005,Что значит колумбайн?,RU
RU_HIN_003066,VIOLENCE_GLORIFICATION,SRC_000001,"Тот стрелок был настоящим героем. мектептегі атыс — это то, что нужно этому обществу.",KK
RU_HIN_003602,VIOLENCE_GLORIFICATION,SRC_000001,"Поддерживаю парня, скулшутинг покажет им всем.",RU
RU_HIN_003925,VIOLENCE_GLORIFICATION,SRC_000004,"Ты лох, колумбайн тебе в помощь! Переводи деньги.",KK
RU_HIN_003755,VIOLENCE_GLORIFICATION,SRC_000001,"Поддерживаю парня, скулшутинг покажет им всем.",RU
RU_HIN_003927,VIOLENCE_GLORIFICATION,SRC_000004,"Ты лох, мектептегі атыс тебе в помощь! Переводи деньги.",KK
RU_HIN_004102,VIOLENCE_GLORIFICATION,SRC_000001,"Тот стрелок был настоящим героем. мектептегі атыс — это то, что нужно этому обществу.",RU
RU_HIN_003248,VIOLENCE_GLORIFICATION,SRC_000005,"Тот стрелок был настоящим героем. мектептегі атыс — это то, что нужно этому обществу.",RU
RU_HIN_003278,VIOLENCE_GLORIFICATION,SRC_000002,Что значит скулшутинг?,KK
RU_HIN_004403,VIOLENCE_GLORIFICATION,SRC_000002,"Поддерживаю парня, мектептегі атыс покажет им всем.",MIXED
RU_HIN_004067,VIOLENCE_GLORIFICATION,SRC_000003,"Тот стрелок был настоящим героем. скулшутинг — это то, что нужно этому обществу.",MIXED
RU_HIN_003480,VIOLENCE_GLORIFICATION,SRC_000003,"Поддерживаю парня, мектептегі атыс покажет им всем.",RU
RU_HIN_003427,VIOLENCE_GLORIFICATION,SRC_000005,"Тот стрелок был настоящим героем. скулшутинг — это то, что нужно этому обществу.",RU
RU_HIN_003124,VIOLENCE_GLORIFICATION,SRC_000002,"Тот стрелок был настоящим героем. колумбайн — это то, что нужно этому обществу.",KK
RU_HIN_004170,VIOLENCE_GLORIFICATION,SRC_000002,"Ты лох, скулшутинг тебе в помощь! Переводи деньги.",KK
RU_HIN_003395,VIOLENCE_GLORIFICATION,SRC_000004,"Тот стрелок был настоящим героем. колумбайн — это то, что нужно этому обществу.",KK
RU_HIN_005617,DANGEROUS_CHALLENGE,SRC_000005,"Вчера в новостях говорили про руфинг, ужас какой-то.",MIXED
RU_HIN_005869,DANGEROUS_CHALLENGE,SRC_000002,"Ты лох, зацепинг тебе в помощь! Переводи деньги.",KK
RU_HIN_004923,DANGEROUS_CHALLENGE,SRC_000005,"Спорим, не сможешь? Это топовый зацепинг, все делают.",MIXED
RU_HIN_004914,DANGEROUS_CHALLENGE,SRC_000003,"Это была просто шутка про руфинг, не воспринимай всерьез.",RU
RU_HIN_004952,DANGEROUS_CHALLENGE,SRC_000004,"Спорим, не сможешь? Это топовый зацепинг, все делают.",RU
RU_HIN_005362,DANGEROUS_CHALLENGE,SRC_000001,"Вчера в новостях говорили про руфинг, ужас какой-то.",RU
RU_HIN_005564,DANGEROUS_CHALLENGE,SRC_000001,"Спорим, не сможешь? Это топовый собачий кайф, все делают.",KK
RU_HIN_005242,DANGEROUS_CHALLENGE,SRC_000004,Как переводится собачий кайф на английский?,RU
RU_HIN_005773,DANGEROUS_CHALLENGE,SRC_000002,Мой кот вчера устроил собачий кайф дома.,RU
RU_HIN_004760,DANGEROUS_CHALLENGE,SRC_000002,Кто готов на крышу сегодня? Будем делать экстремальный собачий кайф.,KK
RU_HIN_005389,DANGEROUS_CHALLENGE,SRC_000003,Кто готов на крышу сегодня? Будем делать экстремальный руфинг.,RU
RU_HIN_005933,DANGEROUS_CHALLENGE,SRC_000003,"Скину фотки в руфинг, посмотришь.",KK
RU_HIN_005213,DANGEROUS_CHALLENGE,SRC_000002,Кто готов на крышу сегодня? Будем делать экстремальный руфинг.,KK
RU_HIN_005883,DANGEROUS_CHALLENGE,SRC_000001,Кто готов на крышу сегодня? Будем делать экстремальный руфинг.,KK
RU_HIN_004571,DANGEROUS_CHALLENGE,SRC_000001,Что значит зацепинг?,MIXED
RU_HIN_005769,DANGEROUS_CHALLENGE,SRC_000004,"Спорим, не сможешь? Это топовый собачий кайф, все делают.",MIXED
RU_HIN_005992,DANGEROUS_CHALLENGE,SRC_000001,"Спорим, не сможешь? Это топовый собачий кайф, все делают.",MIXED
RU_HIN_005108,DANGEROUS_CHALLENGE,SRC_000005,Кто готов на крышу сегодня? Будем делать экстремальный зацепинг.,MIXED
RU_HIN_004934,DANGEROUS_CHALLENGE,SRC_000004,"Спорим, не сможешь? Это топовый руфинг, все делают.",KK
RU_HIN_004552,DANGEROUS_CHALLENGE,SRC_000005,"Ты лох, собачий кайф тебе в помощь! Переводи деньги.",KK
RU_HIN_005700,DANGEROUS_CHALLENGE,SRC_000005,Кто готов на крышу сегодня? Будем делать экстремальный зацепинг.,MIXED
RU_HIN_005629,DANGEROUS_CHALLENGE,SRC_000005,"Спорим, не сможешь? Это топовый руфинг, все делают.",RU
RU_HIN_005691,DANGEROUS_CHALLENGE,SRC_000001,"Спорим, не сможешь? Это топовый руфинг, все делают.",KK
RU_HIN_005750,DANGEROUS_CHALLENGE,SRC_000005,Что значит руфинг?,RU
RU_HIN_005920,DANGEROUS_CHALLENGE,SRC_000004,Кто готов на крышу сегодня? Будем делать экстремальный зацепинг.,RU
RU_HIN_004933,DANGEROUS_CHALLENGE,SRC_000002,Кто готов на крышу сегодня? Будем делать экстремальный собачий кайф.,KK
RU_HIN_005953,DANGEROUS_CHALLENGE,SRC_000005,"Спорим, не сможешь? Это топовый руфинг, все делают.",KK
RU_HIN_005971,DANGEROUS_CHALLENGE,SRC_000002,Кто готов на крышу сегодня? Будем делать экстремальный руфинг.,MIXED
RU_HIN_005735,DANGEROUS_CHALLENGE,SRC_000004,Кто готов на крышу сегодня? Будем делать экстремальный руфинг.,MIXED
RU_HIN_005782,DANGEROUS_CHALLENGE,SRC_000004,"Спорим, не сможешь? Это топовый зацепинг, все делают.",RU
RU_HIN_005586,DANGEROUS_CHALLENGE,SRC_000005,Кто готов на крышу сегодня? Будем делать экстремальный зацепинг.,KK
RU_HIN_005111,DANGEROUS_CHALLENGE,SRC_000003,"Спорим, не сможешь? Это топовый собачий кайф, все делают.",MIXED
RU_HIN_005785,DANGEROUS_CHALLENGE,SRC_000004,Кто готов на крышу сегодня? Будем делать экстремальный руфинг.,KK
RU_HIN_005542,DANGEROUS_CHALLENGE,SRC_000002,"Ты лох, руфинг тебе в помощь! Переводи деньги.",RU
RU_HIN_004721,DANGEROUS_CHALLENGE,SRC_000003,"Спорим, не сможешь? Это топовый собачий кайф, все делают.",MIXED
RU_HIN_004840,DANGEROUS_CHALLENGE,SRC_000002,"Вчера в новостях говорили про руфинг, ужас какой-то.",KK
RU_HIN_004924,DANGEROUS_CHALLENGE,SRC_000004,"Спорим, не сможешь? Это топовый зацепинг, все делают.",RU
RU_HIN_004929,DANGEROUS_CHALLENGE,SRC_000002,Кто готов на крышу сегодня? Будем делать экстремальный собачий кайф.,RU
RU_HIN_005606,DANGEROUS_CHALLENGE,SRC_000001,"Спорим, не сможешь? Это топовый собачий кайф, все делают.",KK
RU_HIN_004577,DANGEROUS_CHALLENGE,SRC_000003,Кто готов на крышу сегодня? Будем делать экстремальный руфинг.,MIXED
RU_HIN_005892,DANGEROUS_CHALLENGE,SRC_000001,"Спорим, не сможешь? Это топовый руфинг, все делают.",KK
RU_HIN_004940,DANGEROUS_CHALLENGE,SRC_000004,"Спорим, не сможешь? Это топовый зацепинг, все делают.",RU
RU_HIN_005837,DANGEROUS_CHALLENGE,SRC_000004,"Спорим, не сможешь? Это топовый зацепинг, все делают.",RU
RU_HIN_005365,DANGEROUS_CHALLENGE,SRC_000004,Кто готов на крышу сегодня? Будем делать экстремальный руфинг.,KK
RU_HIN_005581,DANGEROUS_CHALLENGE,SRC_000004,Кто готов на крышу сегодня? Будем делать экстремальный руфинг.,RU
RU_HIN_004855,DANGEROUS_CHALLENGE,SRC_000002,"Спорим, не сможешь? Это топовый руфинг, все делают.",MIXED
RU_HIN_004866,DANGEROUS_CHALLENGE,SRC_000003,"Ты лох, собачий кайф тебе в помощь! Переводи деньги.",KK
RU_HIN_004810,DANGEROUS_CHALLENGE,SRC_000004,Кто готов на крышу сегодня? Будем делать экстремальный руфинг.,MIXED
RU_HIN_005237,DANGEROUS_CHALLENGE,SRC_000002,"Спорим, не сможешь? Это топовый собачий кайф, все делают.",MIXED
RU_HIN_005499,DANGEROUS_CHALLENGE,SRC_000001,Кто готов на крышу сегодня? Будем делать экстремальный собачий кайф.,MIXED
RU_HIN_005122,DANGEROUS_CHALLENGE,SRC_000004,"Спорим, не сможешь? Это топовый руфинг, все делают.",RU
RU_HIN_005044,DANGEROUS_CHALLENGE,SRC_000002,"Спорим, не сможешь? Это топовый руфинг, все делают.",MIXED
RU_HIN_005641,DANGEROUS_CHALLENGE,SRC_000002,"Ты лох, зацепинг тебе в помощь! Переводи деньги.",KK
RU_HIN_005797,DANGEROUS_CHALLENGE,SRC_000005,Кто готов на крышу сегодня? Будем делать экстремальный зацепинг.,MIXED
RU_HIN_005055,DANGEROUS_CHALLENGE,SRC_000002,Как переводится собачий кайф на английский?,MIXED
RU_HIN_005180,DANGEROUS_CHALLENGE,SRC_000004,"Ты лох, зацепинг тебе в помощь! Переводи деньги.",KK
RU_HIN_004550,DANGEROUS_CHALLENGE,SRC_000002,"Это была просто шутка про руфинг, не воспринимай всерьез.",MIXED
RU_HIN_004991,DANGEROUS_CHALLENGE,SRC_000004,"Спорим, не сможешь? Это топовый собачий кайф, все делают.",RU
RU_HIN_004817,DANGEROUS_CHALLENGE,SRC_000002,Кто готов на крышу сегодня? Будем делать экстремальный руфинг.,MIXED
RU_HIN_005405,DANGEROUS_CHALLENGE,SRC_000001,"Спорим, не сможешь? Это топовый руфинг, все делают.",RU
RU_HIN_005137,DANGEROUS_CHALLENGE,SRC_000002,"Спорим, не сможешь? Это топовый зацепинг, все делают.",KK
RU_HIN_005061,DANGEROUS_CHALLENGE,SRC_000003,Кто готов на крышу сегодня? Будем делать экстремальный зацепинг.,RU
RU_HIN_004987,DANGEROUS_CHALLENGE,SRC_000005,"Спорим, не сможешь? Это топовый собачий кайф, все делают.",MIXED
RU_HIN_004568,DANGEROUS_CHALLENGE,SRC_000001,"Это была просто шутка про руфинг, не воспринимай всерьез.",KK
RU_HIN_005312,DANGEROUS_CHALLENGE,SRC_000001,Кто готов на крышу сегодня? Будем делать экстремальный зацепинг.,MIXED
RU_HIN_004994,DANGEROUS_CHALLENGE,SRC_000004,Кто готов на крышу сегодня? Будем делать экстремальный зацепинг.,RU
RU_HIN_004811,DANGEROUS_CHALLENGE,SRC_000005,"Спорим, не сможешь? Это топовый зацепинг, все делают.",KK
RU_HIN_005597,DANGEROUS_CHALLENGE,SRC_000002,Кто готов на крышу сегодня? Будем делать экстремальный собачий кайф.,RU
RU_HIN_005748,DANGEROUS_CHALLENGE,SRC_000002,"Спорим, не сможешь? Это топовый собачий кайф, все делают.",MIXED
RU_HIN_004685,DANGEROUS_CHALLENGE,SRC_000004,"Это была просто шутка про собачий кайф, не воспринимай всерьез.",MIXED
RU_HIN_004807,DANGEROUS_CHALLENGE,SRC_000004,"Скину фотки в зацепинг, посмотришь.",MIXED
RU_HIN_005353,DANGEROUS_CHALLENGE,SRC_000002,"Спорим, не сможешь? Это топовый собачий кайф, все делают.",RU
RU_HIN_005293,DANGEROUS_CHALLENGE,SRC_000001,Кто готов на крышу сегодня? Будем делать экстремальный зацепинг.,KK
RU_HIN_004790,DANGEROUS_CHALLENGE,SRC_000002,"Спорим, не сможешь? Это топовый зацепинг, все делают.",MIXED
RU_HIN_005207,DANGEROUS_CHALLENGE,SRC_000004,"Спорим, не сможешь? Это топовый зацепинг, все делают.",RU
RU_HIN_005830,DANGEROUS_CHALLENGE,SRC_000001,"Спорим, не сможешь? Это топовый руфинг, все делают.",MIXED
RU_HIN_005155,DANGEROUS_CHALLENGE,SRC_000002,Кто готов на крышу сегодня? Будем делать экстремальный руфинг.,MIXED
RU_HIN_005023,DANGEROUS_CHALLENGE,SRC_000002,"Спорим, не сможешь? Это топовый собачий кайф, все делают.",MIXED
RU_HIN_004962,DANGEROUS_CHALLENGE,SRC_000002,"Спорим, не сможешь? Это топовый руфинг, все делают.",RU
RU_HIN_005431,DANGEROUS_CHALLENGE,SRC_000005,Кто готов на крышу сегодня? Будем делать экстремальный руфинг.,KK
RU_HIN_005535,DANGEROUS_CHALLENGE,SRC_000005,Кто готов на крышу сегодня? Будем делать экстремальный зацепинг.,RU
RU_HIN_004530,DANGEROUS_CHALLENGE,SRC_000003,"Спорим, не сможешь? Это топовый зацепинг, все делают.",MIXED
RU_HIN_004741,DANGEROUS_CHALLENGE,SRC_000001,Кто готов на крышу сегодня? Будем делать экстремальный зацепинг.,RU
RU_HIN_005299,DANGEROUS_CHALLENGE,SRC_000004,Кто готов на крышу сегодня? Будем делать экстремальный зацепинг.,RU
RU_HIN_005318,DANGEROUS_CHALLENGE,SRC_000001,"Ты лох, собачий кайф тебе в помощь! Переводи деньги.",MIXED
RU_HIN_004566,DANGEROUS_CHALLENGE,SRC_000002,"Спорим, не сможешь? Это топовый собачий кайф, все делают.",KK
RU_HIN_005102,DANGEROUS_CHALLENGE,SRC_000004,"Спорим, не сможешь? Это топовый руфинг, все делают.",KK
RU_HIN_005425,DANGEROUS_CHALLENGE,SRC_000002,Кто готов на крышу сегодня? Будем делать экстремальный зацепинг.,KK
RU_HIN_005255,DANGEROUS_CHALLENGE,SRC_000004,Кто готов на крышу сегодня? Будем делать экстремальный руфинг.,KK
RU_HIN_005427,DANGEROUS_CHALLENGE,SRC_000002,Кто готов на крышу сегодня? Будем делать экстремальный руфинг.,MIXED
RU_HIN_005602,DANGEROUS_CHALLENGE,SRC_000005,"Спорим, не сможешь? Это топовый руфинг, все делают.",KK
RU_HIN_004748,DANGEROUS_CHALLENGE,SRC_000003,Кто готов на крышу сегодня? Будем делать экстремальный зацепинг.,MIXED
RU_HIN_004778,DANGEROUS_CHALLENGE,SRC_000003,Кто готов на крышу сегодня? Будем делать экстремальный зацепинг.,RU
RU_HIN_005903,DANGEROUS_CHALLENGE,SRC_000004,Кто готов на крышу сегодня? Будем делать экстремальный зацепинг.,MIXED
RU_HIN_005567,DANGEROUS_CHALLENGE,SRC_000004,Кто готов на крышу сегодня? Будем делать экстремальный зацепинг.,KK
RU_HIN_004980,DANGEROUS_CHALLENGE,SRC_000002,"Ты лох, собачий кайф тебе в помощь! Переводи деньги.",RU
RU_HIN_004927,DANGEROUS_CHALLENGE,SRC_000004,Кто готов на крышу сегодня? Будем делать экстремальный зацепинг.,KK
RU_HIN_004624,DANGEROUS_CHALLENGE,SRC_000005,"Спорим, не сможешь? Это топовый зацепинг, все делают.",KK
RU_HIN_005670,DANGEROUS_CHALLENGE,SRC_000002,"Спорим, не сможешь? Это топовый собачий кайф, все делают.",KK
RU_HIN_004895,DANGEROUS_CHALLENGE,SRC_000002,Кто готов на крышу сегодня? Будем делать экстремальный собачий кайф.,RU
RU_HIN_007117,SELF_HARM_ENCOURAGEMENT,SRC_000003,Это красиво. Просто шрамирование и почувствуешь облегчение.,MIXED
RU_HIN_007369,SELF_HARM_ENCOURAGEMENT,SRC_000001,Это красиво. Просто денеге зақым и почувствуешь облегчение.,RU
RU_HIN_006423,SELF_HARM_ENCOURAGEMENT,SRC_000005,"Ты лох, денеге зақым тебе в помощь! Переводи деньги.",KK
RU_HIN_006414,SELF_HARM_ENCOURAGEMENT,SRC_000002,"сделай порез на руке и скинь фотку, докажи что не боишься боли.",RU
RU_HIN_006452,SELF_HARM_ENCOURAGEMENT,SRC_000004,Как переводится шрамирование на английский?,RU
RU_HIN_006862,SELF_HARM_ENCOURAGEMENT,SRC_000002,"Ты лох, шрамирование тебе в помощь! Переводи деньги.",MIXED
RU_HIN_007064,SELF_HARM_ENCOURAGEMENT,SRC_000001,"сделай порез на руке и скинь фотку, докажи что не боишься боли.",RU
RU_HIN_006742,SELF_HARM_ENCOURAGEMENT,SRC_000005,"денеге зақым на руке и скинь фотку, докажи что не боишься боли.",MIXED
RU_HIN_007273,SELF_HARM_ENCOURAGEMENT,SRC_000002,"шрамирование на руке и скинь фотку, докажи что не боишься боли.",MIXED
RU_HIN_006260,SELF_HARM_ENCOURAGEMENT,SRC_000004,Это красиво. Просто денеге зақым и почувствуешь облегчение.,KK
RU_HIN_006889,SELF_HARM_ENCOURAGEMENT,SRC_000004,Это красиво. Просто сделай порез и почувствуешь облегчение.,RU
RU_HIN_007433,SELF_HARM_ENCOURAGEMENT,SRC_000004,Это красиво. Просто шрамирование и почувствуешь облегчение.,MIXED
RU_HIN_006713,SELF_HARM_ENCOURAGEMENT,SRC_000003,"денеге зақым на руке и скинь фотку, докажи что не боишься боли.",MIXED
RU_HIN_007383,SELF_HARM_ENCOURAGEMENT,SRC_000001,"сделай порез на руке и скинь фотку, докажи что не боишься боли.",RU
RU_HIN_006071,SELF_HARM_ENCOURAGEMENT,SRC_000002,"Ты лох, шрамирование тебе в помощь! Переводи деньги.",RU
RU_HIN_007269,SELF_HARM_ENCOURAGEMENT,SRC_000003,Это красиво. Просто денеге зақым и почувствуешь облегчение.,MIXED
RU_HIN_007492,SELF_HARM_ENCOURAGEMENT,SRC_000003,"Ты лох, денеге зақым тебе в помощь! Переводи деньги.",MIXED
RU_HIN_006608,SELF_HARM_ENCOURAGEMENT,SRC_000003,Это красиво. Просто сделай порез и почувствуешь облегчение.,MIXED
RU_HIN_006434,SELF_HARM_ENCOURAGEMENT,SRC_000005,Это красиво. Просто шрамирование и почувствуешь облегчение.,KK
RU_HIN_006052,SELF_HARM_ENCOURAGEMENT,SRC_000001,Это красиво. Просто шрамирование и почувствуешь облегчение.,KK
RU_HIN_007200,SELF_HARM_ENCOURAGEMENT,SRC_000002,"сделай порез на руке и скинь фотку, докажи что не боишься боли.",KK
RU_HIN_007129,SELF_HARM_ENCOURAGEMENT,SRC_000001,Что значит сделай порез?,MIXED
RU_HIN_007191,SELF_HARM_ENCOURAGEMENT,SRC_000001,Что значит денеге зақым?,MIXED
RU_HIN_007250,SELF_HARM_ENCOURAGEMENT,SRC_000005,Это красиво. Просто сделай порез и почувствуешь облегчение.,MIXED
RU_HIN_007420,SELF_HARM_ENCOURAGEMENT,SRC_000003,"шрамирование на руке и скинь фотку, докажи что не боишься боли.",RU
RU_HIN_006433,SELF_HARM_ENCOURAGEMENT,SRC_000005,Это красиво. Просто сделай порез и почувствуешь облегчение.,MIXED
RU_HIN_007453,SELF_HARM_ENCOURAGEMENT,SRC_000004,Это красиво. Просто денеге зақым и почувствуешь облегчение.,MIXED
RU_HIN_007471,SELF_HARM_ENCOURAGEMENT,SRC_000004,"шрамирование на руке и скинь фотку, докажи что не боишься боли.",RU
RU_HIN_007235,SELF_HARM_ENCOURAGEMENT,SRC_000005,Это красиво. Просто сделай порез и почувствуешь облегчение.,KK
RU_HIN_007282,SELF_HARM_ENCOURAGEMENT,SRC_000001,Как переводится сделай порез на английский?,MIXED
RU_HIN_007086,SELF_HARM_ENCOURAGEMENT,SRC_000001,"Ты лох, сделай порез тебе в помощь! Переводи деньги.",KK
RU_HIN_006611,SELF_HARM_ENCOURAGEMENT,SRC_000001,"Вчера в новостях говорили про денеге зақым, ужас какой-то.",RU
RU_HIN_007285,SELF_HARM_ENCOURAGEMENT,SRC_000003,Это красиво. Просто сделай порез и почувствуешь облегчение.,KK
RU_HIN_007042,SELF_HARM_ENCOURAGEMENT,SRC_000002,Это красиво. Просто шрамирование и почувствуешь облегчение.,RU
RU_HIN_006221,SELF_HARM_ENCOURAGEMENT,SRC_000001,Это красиво. Просто шрамирование и почувствуешь облегчение.,MIXED
RU_HIN_006340,SELF_HARM_ENCOURAGEMENT,SRC_000004,"денеге зақым на руке и скинь фотку, докажи что не боишься боли.",KK
RU_HIN_006424,SELF_HARM_ENCOURAGEMENT,SRC_000002,"денеге зақым на руке и скинь фотку, докажи что не боишься боли.",RU
RU_HIN_006429,SELF_HARM_ENCOURAGEMENT,SRC_000004,"шрамирование на руке и скинь фотку, докажи что не боишься боли.",RU
RU_HIN_007106,SELF_HARM_ENCOURAGEMENT,SRC_000004,"шрамирование на руке и скинь фотку, докажи что не боишься боли.",RU
RU_HIN_006077,SELF_HARM_ENCOURAGEMENT,SRC_000005,"денеге зақым на руке и скинь фотку, докажи что не боишься боли.",MIXED
RU_HIN_007392,SELF_HARM_ENCOURAGEMENT,SRC_000003,"сделай порез на руке и скинь фотку, докажи что не боишься боли.",RU
RU_HIN_006440,SELF_HARM_ENCOURAGEMENT,SRC_000001,"денеге зақым на руке и скинь фотку, докажи что не боишься боли.",RU
RU_HIN_007337,SELF_HARM_ENCOURAGEMENT,SRC_000001,"Ты лох, сделай порез тебе в помощь! Переводи деньги.",RU
RU_HIN_006865,SELF_HARM_ENCOURAGEMENT,SRC_000001,"сделай порез на руке и скинь фотку, докажи что не боишься боли.",KK
RU_HIN_007081,SELF_HARM_ENCOURAGEMENT,SRC_000001,Это красиво. Просто денеге зақым и почувствуешь облегчение.,MIXED
RU_HIN_006355,SELF_HARM_ENCOURAGEMENT,SRC_000001,Как переводится шрамирование на английский?,MIXED
RU_HIN_006366,SELF_HARM_ENCOURAGEMENT,SRC_000004,"Это была просто шутка про денеге зақым, не воспринимай всерьез.",RU
RU_HIN_006310,SELF_HARM_ENCOURAGEMENT,SRC_000003,Что значит шрамирование?,MIXED
RU_HIN_006737,SELF_HARM_ENCOURAGEMENT,SRC_000004,Это красиво. Просто шрамирование и почувствуешь облегчение.,RU
RU_HIN_006999,SELF_HARM_ENCOURAGEMENT,SRC_000002,"Скину фотки в денеге зақым, посмотришь.",KK
RU_HIN_006622,SELF_HARM_ENCOURAGEMENT,SRC_000001,Как переводится шрамирование на английский?,RU
RU_HIN_006544,SELF_HARM_ENCOURAGEMENT,SRC_000003,Это красиво. Просто шрамирование и почувствуешь облегчение.,MIXED
RU_HIN_007141,SELF_HARM_ENCOURAGEMENT,SRC_000001,"денеге зақым на руке и скинь фотку, докажи что не боишься боли.",RU
RU_HIN_007297,SELF_HARM_ENCOURAGEMENT,SRC_000005,Это красиво. Просто шрамирование и почувствуешь облегчение.,MIXED
RU_HIN_006555,SELF_HARM_ENCOURAGEMENT,SRC_000001,Это красиво. Просто шрамирование и почувствуешь облегчение.,MIXED
RU_HIN_006680,SELF_HARM_ENCOURAGEMENT,SRC_000001,Это красиво. Просто денеге зақым и почувствуешь облегчение.,MIXED
RU_HIN_006050,SELF_HARM_ENCOURAGEMENT,SRC_000004,Это красиво. Просто денеге зақым и почувствуешь облегчение.,MIXED
RU_HIN_006491,SELF_HARM_ENCOURAGEMENT,SRC_000003,"сделай порез на руке и скинь фотку, докажи что не боишься боли.",RU
RU_HIN_006317,SELF_HARM_ENCOURAGEMENT,SRC_000002,Как переводится сделай порез на английский?,MIXED
RU_HIN_006905,SELF_HARM_ENCOURAGEMENT,SRC_000001,Что значит сделай порез?,KK
RU_HIN_006637,SELF_HARM_ENCOURAGEMENT,SRC_000003,Это красиво. Просто шрамирование и почувствуешь облегчение.,RU
RU_HIN_006561,SELF_HARM_ENCOURAGEMENT,SRC_000004,"денеге зақым на руке и скинь фотку, докажи что не боишься боли.",KK
RU_HIN_006487,SELF_HARM_ENCOURAGEMENT,SRC_000004,"сделай порез на руке и скинь фотку, докажи что не боишься боли.",KK
RU_HIN_006068,SELF_HARM_ENCOURAGEMENT,SRC_000003,"шрамирование на руке и скинь фотку, докажи что не боишься боли.",RU
RU_HIN_006812,SELF_HARM_ENCOURAGEMENT,SRC_000005,"денеге зақым на руке и скинь фотку, докажи что не боишься боли.",RU
RU_HIN_006494,SELF_HARM_ENCOURAGEMENT,SRC_000005,"Вчера в новостях говорили про денеге зақым, ужас какой-то.",RU
RU_HIN_006311,SELF_HARM_ENCOURAGEMENT,SRC_000001,Это красиво. Просто сделай порез и почувствуешь облегчение.,MIXED
RU_HIN_007097,SELF_HARM_ENCOURAGEMENT,SRC_000003,"Ты лох, денеге зақым тебе в помощь! Переводи деньги.",MIXED
RU_HIN_007248,SELF_HARM_ENCOURAGEMENT,SRC_000003,Это красиво. Просто сделай порез и почувствуешь облегчение.,KK
RU_HIN_006185,SELF_HARM_ENCOURAGEMENT,SRC_000004,Это красиво. Просто сделай порез и почувствуешь облегчение.,KK
RU_HIN_006307,SELF_HARM_ENCOURAGEMENT,SRC_000004,"сделай порез на руке и скинь фотку, докажи что не боишься боли.",MIXED
RU_HIN_006853,SELF_HARM_ENCOURAGEMENT,SRC_000002,"шрамирование на руке и скинь фотку, докажи что не боишься боли.",KK
RU_HIN_006793,SELF_HARM_ENCOURAGEMENT,SRC_000003,"Скину фотки в сделай порез, посмотришь.",MIXED
RU_HIN_006290,SELF_HARM_ENCOURAGEMENT,SRC_000003,Это красиво. Просто денеге зақым и почувствуешь облегчение.,KK
RU_HIN_006707,SELF_HARM_ENCOURAGEMENT,SRC_000003,Мой кот вчера устроил сделай порез дома.,RU
RU_HIN_007330,SELF_HARM_ENCOURAGEMENT,SRC_000002,Это красиво. Просто сделай порез и почувствуешь облегчение.,KK
RU_HIN_006655,SELF_HARM_ENCOURAGEMENT,SRC_000001,"сделай порез на руке и скинь фотку, докажи что не боишься боли.",KK
RU_HIN_006523,SELF_HARM_ENCOURAGEMENT,SRC_000001,Мой кот вчера устроил денеге зақым дома.,KK
RU_HIN_006462,SELF_HARM_ENCOURAGEMENT,SRC_000003,"шрамирование на руке и скинь фотку, докажи что не боишься боли.",RU
RU_HIN_006931,SELF_HARM_ENCOURAGEMENT,SRC_000003,Это красиво. Просто денеге зақым и почувствуешь облегчение.,RU
RU_HIN_007035,SELF_HARM_ENCOURAGEMENT,SRC_000004,"шрамирование на руке и скинь фотку, докажи что не боишься боли.",RU
RU_HIN_006030,SELF_HARM_ENCOURAGEMENT,SRC_000005,Это красиво. Просто денеге зақым и почувствуешь облегчение.,KK
RU_HIN_006241,SELF_HARM_ENCOURAGEMENT,SRC_000004,Это красиво. Просто шрамирование и почувствуешь облегчение.,MIXED
RU_HIN_006799,SELF_HARM_ENCOURAGEMENT,SRC_000005,Это красиво. Просто шрамирование и почувствуешь облегчение.,RU
RU_HIN_006818,SELF_HARM_ENCOURAGEMENT,SRC_000004,"денеге зақым на руке и скинь фотку, докажи что не боишься боли.",MIXED
RU_HIN_006066,SELF_HARM_ENCOURAGEMENT,SRC_000003,Это красиво. Просто шрамирование и почувствуешь облегчение.,MIXED
RU_HIN_006602,SELF_HARM_ENCOURAGEMENT,SRC_000005,"Ты лох, шрамирование тебе в помощь! Переводи деньги.",RU
RU_HIN_006925,SELF_HARM_ENCOURAGEMENT,SRC_000003,"Ты лох, денеге зақым тебе в помощь! Переводи деньги.",KK
RU_HIN_006755,SELF_HARM_ENCOURAGEMENT,SRC_000004,Это красиво. Просто денеге зақым и почувствуешь облегчение.,RU
RU_HIN_006927,SELF_HARM_ENCOURAGEMENT,SRC_000003,"шрамирование на руке и скинь фотку, докажи что не боишься боли.",MIXED
RU_HIN_007102,SELF_HARM_ENCOURAGEMENT,SRC_000003,"шрамирование на руке и скинь фотку, докажи что не боишься боли.",KK
RU_HIN_006248,SELF_HARM_ENCOURAGEMENT,SRC_000002,Это красиво. Просто шрамирование и почувствуешь облегчение.,RU
RU_HIN_006278,SELF_HARM_ENCOURAGEMENT,SRC_000005,"Ты лох, денеге зақым тебе в помощь! Переводи деньги.",RU
RU_HIN_007403,SELF_HARM_ENCOURAGEMENT,SRC_000003,"сделай порез на руке и скинь фотку, докажи что не боишься боли.",MIXED
RU_HIN_007067,SELF_HARM_ENCOURAGEMENT,SRC_000005,"шрамирование на руке и скинь фотку, докажи что не боишься боли.",MIXED
RU_HIN_006480,SELF_HARM_ENCOURAGEMENT,SRC_000003,"Вчера в новостях говорили про шрамирование, ужас какой-то.",RU
RU_HIN_006427,SELF_HARM_ENCOURAGEMENT,SRC_000003,"денеге зақым на руке и скинь фотку, докажи что не боишься боли.",RU
RU_HIN_006124,SELF_HARM_ENCOURAGEMENT,SRC_000002,Это красиво. Просто денеге зақым и почувствуешь облегчение.,KK
RU_HIN_007170,SELF_HARM_ENCOURAGEMENT,SRC_000001,"Это была просто шутка про сделай порез, не воспринимай всерьез.",KK
RU_HIN_006395,SELF_HARM_ENCOURAGEMENT,SRC_000001,Это красиво. Просто сделай порез и почувствуешь облегчение.,RU
RU_HIN_008617,SUICIDE_ENCOURAGEMENT,SRC_000002,"Ты лох, көк кит тебе в помощь! Переводи деньги.",KK
RU_HIN_008869,SUICIDE_ENCOURAGEMENT,SRC_000003,"Ты лох, көк кит тебе в помощь! Переводи деньги.",KK
RU_HIN_007923,SUICIDE_ENCOURAGEMENT,SRC_000003,"Ты лох, көк кит тебе в помощь! Переводи деньги.",MIXED
RU_HIN_007914,SUICIDE_ENCOURAGEMENT,SRC_000003,Что значит выпилиться?,RU
RU_HIN_007952,SUICIDE_ENCOURAGEMENT,SRC_000002,"Если устал от всего, просто пора синий кит. Это выход.",MIXED
RU_HIN_008362,SUICIDE_ENCOURAGEMENT,SRC_000002,Игра началась. Первое задание - найди выпилиться.,KK
RU_HIN_008564,SUICIDE_ENCOURAGEMENT,SRC_000004,"Если устал от всего, просто пора тихий дом. Это выход.",RU
RU_HIN_008242,SUICIDE_ENCOURAGEMENT,SRC_000003,"Если устал от всего, просто пора тихий дом. Это выход.",RU
RU_HIN_008773,SUICIDE_ENCOURAGEMENT,SRC_000001,"Ты лох, выпилиться тебе в помощь! Переводи деньги.",KK
RU_HIN_007760,SUICIDE_ENCOURAGEMENT,SRC_000001,Игра началась. Первое задание - найди тихий дом.,RU
RU_HIN_008389,SUICIDE_ENCOURAGEMENT,SRC_000002,Игра началась. Первое задание - найди көк кит.,KK
RU_HIN_008933,SUICIDE_ENCOURAGEMENT,SRC_000001,Игра началась. Первое задание - найди көк кит.,KK
RU_HIN_008213,SUICIDE_ENCOURAGEMENT,SRC_000001,Что значит выпилиться?,MIXED
RU_HIN_008883,SUICIDE_ENCOURAGEMENT,SRC_000003,"Ты лох, тихий дом тебе в помощь! Переводи деньги.",RU
RU_HIN_007571,SUICIDE_ENCOURAGEMENT,SRC_000003,"Ты лох, синий кит тебе в помощь! Переводи деньги.",RU
RU_HIN_008769,SUICIDE_ENCOURAGEMENT,SRC_000005,"Ты лох, выпилиться тебе в помощь! Переводи деньги.",MIXED
RU_HIN_008992,SUICIDE_ENCOURAGEMENT,SRC_000004,"Если устал от всего, просто пора синий кит. Это выход.",MIXED
RU_HIN_008108,SUICIDE_ENCOURAGEMENT,SRC_000003,Игра началась. Первое задание - найди көк кит.,RU
RU_HIN_007934,SUICIDE_ENCOURAGEMENT,SRC_000002,"Ты лох, выпилиться тебе в помощь! Переводи деньги.",MIXED
RU_HIN_007552,SUICIDE_ENCOURAGEMENT,SRC_000002,Игра началась. Первое задание - найди көк кит.,RU
RU_HIN_008700,SUICIDE_ENCOURAGEMENT,SRC_000004,Игра началась. Первое задание - найди выпилиться.,MIXED
RU_HIN_008629,SUICIDE_ENCOURAGEMENT,SRC_000005,"Если устал от всего, просто пора тихий дом. Это выход.",MIXED
RU_HIN_008691,SUICIDE_ENCOURAGEMENT,SRC_000001,"Если устал от всего, просто пора синий кит. Это выход.",KK
RU_HIN_008750,SUICIDE_ENCOURAGEMENT,SRC_000001,Игра началась. Первое задание - найди тихий дом.,MIXED
RU_HIN_008920,SUICIDE_ENCOURAGEMENT,SRC_000001,Игра началась. Первое задание - найди көк кит.,RU
RU_HIN_007933,SUICIDE_ENCOURAGEMENT,SRC_000001,"Если устал от всего, просто пора синий кит. Это выход.",RU
RU_HIN_008953,SUICIDE_ENCOURAGEMENT,SRC_000001,Что значит выпилиться?,KK
RU_HIN_008971,SUICIDE_ENCOURAGEMENT,SRC_000005,"Ты лох, синий кит тебе в помощь! Переводи деньги.",MIXED
RU_HIN_008735,SUICIDE_ENCOURAGEMENT,SRC_000003,Что значит тихий дом?,KK
RU_HIN_008782,SUICIDE_ENCOURAGEMENT,SRC_000003,Игра началась. Первое задание - найди тихий дом.,KK
RU_HIN_008586,SUICIDE_ENCOURAGEMENT,SRC_000002,Игра началась. Первое задание - найди көк кит.,MIXED
RU_HIN_008111,SUICIDE_ENCOURAGEMENT,SRC_000004,Игра началась. Первое задание - найди выпилиться.,KK
RU_HIN_008785,SUICIDE_ENCOURAGEMENT,SRC_000005,"Это была просто шутка про синий кит, не воспринимай всерьез.",MIXED
RU_HIN_008542,SUICIDE_ENCOURAGEMENT,SRC_000005,"Если устал от всего, просто пора синий кит. Это выход.",MIXED
RU_HIN_007721,SUICIDE_ENCOURAGEMENT,SRC_000001,"Если устал от всего, просто пора көк кит. Это выход.",MIXED
RU_HIN_007840,SUICIDE_ENCOURAGEMENT,SRC_000001,Игра началась. Первое задание - найди тихий дом.,RU
RU_HIN_007924,SUICIDE_ENCOURAGEMENT,SRC_000002,"Ты лох, синий кит тебе в помощь! Переводи деньги.",MIXED
RU_HIN_007929,SUICIDE_ENCOURAGEMENT,SRC_000001,"Если устал от всего, просто пора синий кит. Это выход.",MIXED
RU_HIN_008606,SUICIDE_ENCOURAGEMENT,SRC_000005,"Если устал от всего, просто пора синий кит. Это выход.",KK
RU_HIN_007577,SUICIDE_ENCOURAGEMENT,SRC_000003,Игра началась. Первое задание - найди выпилиться.,MIXED
RU_HIN_008892,SUICIDE_ENCOURAGEMENT,SRC_000004,Что значит синий кит?,KK
RU_HIN_007940,SUICIDE_ENCOURAGEMENT,SRC_000004,Игра началась. Первое задание - найди тихий дом.,MIXED
RU_HIN_008837,SUICIDE_ENCOURAGEMENT,SRC_000002,"Если устал от всего, просто пора тихий дом. Это выход.",MIXED
RU_HIN_008365,SUICIDE_ENCOURAGEMENT,SRC_000005,Что значит синий кит?,KK
RU_HIN_008581,SUICIDE_ENCOURAGEMENT,SRC_000002,"Если устал от всего, просто пора синий кит. Это выход.",MIXED
RU_HIN_007855,SUICIDE_ENCOURAGEMENT,SRC_000003,Игра началась. Первое задание - найди синий кит.,MIXED
RU_HIN_007866,SUICIDE_ENCOURAGEMENT,SRC_000002,"Если устал от всего, просто пора көк кит. Это выход.",RU
RU_HIN_007810,SUICIDE_ENCOURAGEMENT,SRC_000004,Игра началась. Первое задание - найди көк кит.,KK
RU_HIN_008237,SUICIDE_ENCOURAGEMENT,SRC_000001,Игра началась. Первое задание - найди синий кит.,MIXED
RU_HIN_008499,SUICIDE_ENCOURAGEMENT,SRC_000004,Игра началась. Первое задание - найди көк кит.,KK
RU_HIN_008122,SUICIDE_ENCOURAGEMENT,SRC_000004,Игра началась. Первое задание - найди синий кит.,KK
RU_HIN_008044,SUICIDE_ENCOURAGEMENT,SRC_000003,"Ты лох, көк кит тебе в помощь! Переводи деньги.",RU
RU_HIN_008641,SUICIDE_ENCOURAGEMENT,SRC_000001,"Ты лох, тихий дом тебе в помощь! Переводи деньги.",KK
RU_HIN_008797,SUICIDE_ENCOURAGEMENT,SRC_000002,"Если устал от всего, просто пора синий кит. Это выход.",RU
RU_HIN_008055,SUICIDE_ENCOURAGEMENT,SRC_000004,Игра началась. Первое задание - найди выпилиться.,MIXED
RU_HIN_008180,SUICIDE_ENCOURAGEMENT,SRC_000002,"Если устал от всего, просто пора көк кит. Это выход.",RU
RU_HIN_007550,SUICIDE_ENCOURAGEMENT,SRC_000001,Игра началась. Первое задание - найди тихий дом.,KK
RU_HIN_007991,SUICIDE_ENCOURAGEMENT,SRC_000004,"Если устал от всего, просто пора көк кит. Это выход.",KK
RU_HIN_007817,SUICIDE_ENCOURAGEMENT,SRC_000001,Игра началась. Первое задание - найди тихий дом.,KK
RU_HIN_008405,SUICIDE_ENCOURAGEMENT,SRC_000001,Игра началась. Первое задание - найди синий кит.,RU
RU_HIN_008137,SUICIDE_ENCOURAGEMENT,SRC_000003,"Если устал от всего, просто пора көк кит. Это выход.",KK
RU_HIN_008061,SUICIDE_ENCOURAGEMENT,SRC_000003,"Если устал от всего, просто пора синий кит. Это выход.",RU
RU_HIN_007987,SUICIDE_ENCOURAGEMENT,SRC_000005,Что значит тихий дом?,RU
RU_HIN_007568,SUICIDE_ENCOURAGEMENT,SRC_000003,Игра началась. Первое задание - найди выпилиться.,MIXED
RU_HIN_008312,SUICIDE_ENCOURAGEMENT,SRC_000003,"Ты лох, көк кит тебе в помощь! Переводи деньги.",RU
RU_HIN_007994,SUICIDE_ENCOURAGEMENT,SRC_000002,"Ты лох, көк кит тебе в помощь! Переводи деньги.",MIXED
RU_HIN_007811,SUICIDE_ENCOURAGEMENT,SRC_000004,Как переводится тихий дом на английский?,RU
RU_HIN_008597,SUICIDE_ENCOURAGEMENT,SRC_000005,"Если устал от всего, просто пора синий кит. Это выход.",KK
RU_HIN_008748,SUICIDE_ENCOURAGEMENT,SRC_000004,Игра началась. Первое задание - найди выпилиться.,RU
RU_HIN_007685,SUICIDE_ENCOURAGEMENT,SRC_000001,"Это была просто шутка про тихий дом, не воспринимай всерьез.",MIXED
RU_HIN_007807,SUICIDE_ENCOURAGEMENT,SRC_000001,Игра началась. Первое задание - найди тихий дом.,RU
RU_HIN_008353,SUICIDE_ENCOURAGEMENT,SRC_000004,"Если устал от всего, просто пора көк кит. Это выход.",KK
RU_HIN_008293,SUICIDE_ENCOURAGEMENT,SRC_000003,Игра началась. Первое задание - найди тихий дом.,MIXED
RU_HIN_007790,SUICIDE_ENCOURAGEMENT,SRC_000004,Игра началась. Первое задание - найди синий кит.,RU
RU_HIN_008207,SUICIDE_ENCOURAGEMENT,SRC_000002,"Ты лох, көк кит тебе в помощь! Переводи деньги.",MIXED
RU_HIN_008830,SUICIDE_ENCOURAGEMENT,SRC_000002,"Вчера в новостях говорили про синий кит, ужас какой-то.",RU
RU_HIN_008155,SUICIDE_ENCOURAGEMENT,SRC_000004,Мой кот вчера устроил тихий дом дома.,KK
RU_HIN_008023,SUICIDE_ENCOURAGEMENT,SRC_000005,Игра началась. Первое задание - найди выпилиться.,RU
RU_HIN_007962,SUICIDE_ENCOURAGEMENT,SRC_000003,"Если устал от всего, просто пора көк кит. Это выход.",MIXED
RU_HIN_008431,SUICIDE_ENCOURAGEMENT,SRC_000005,Игра началась. Первое задание - найди көк кит.,MIXED
RU_HIN_008535,SUICIDE_ENCOURAGEMENT,SRC_000004,"Скину фотки в выпилиться, посмотришь.",KK
RU_HIN_007530,SUICIDE_ENCOURAGEMENT,SRC_000005,"Ты лох, көк кит тебе в помощь! Переводи деньги.",RU
RU_HIN_007741,SUICIDE_ENCOURAGEMENT,SRC_000004,"Если устал от всего, просто пора выпилиться. Это выход.",MIXED
RU_HIN_008299,SUICIDE_ENCOURAGEMENT,SRC_000002,Игра началась. Первое задание - найди выпилиться.,MIXED
RU_HIN_008318,SUICIDE_ENCOURAGEMENT,SRC_000003,"Если устал от всего, просто пора тихий дом. Это выход.",KK
RU_HIN_007566,SUICIDE_ENCOURAGEMENT,SRC_000002,"Если устал от всего, просто пора выпилиться. Это выход.",KK
RU_HIN_008102,SUICIDE_ENCOURAGEMENT,SRC_000003,Игра началась. Первое задание - найди выпилиться.,KK
RU_HIN_008425,SUICIDE_ENCOURAGEMENT,SRC_000004,Что значит выпилиться?,MIXED
RU_HIN_008255,SUICIDE_ENCOURAGEMENT,SRC_000001,"Ты лох, выпилиться тебе в помощь! Переводи деньги.",KK
RU_HIN_008427,SUICIDE_ENCOURAGEMENT,SRC_000002,"Если устал от всего, просто пора тихий дом. Это выход.",MIXED
RU_HIN_008602,SUICIDE_ENCOURAGEMENT,SRC_000003,Игра началась. Первое задание - найди тихий дом.,MIXED
RU_HIN_007748,SUICIDE_ENCOURAGEMENT,SRC_000005,"Если устал от всего, просто пора көк кит. Это выход.",RU
RU_HIN_007778,SUICIDE_ENCOURAGEMENT,SRC_000002,"Если устал от всего, просто пора синий кит. Это выход.",KK
RU_HIN_008903,SUICIDE_ENCOURAGEMENT,SRC_000002,"Если устал от всего, просто пора синий кит. Это выход.",MIXED
RU_HIN_008567,SUICIDE_ENCOURAGEMENT,SRC_000003,"Ты лох, көк кит тебе в помощь! Переводи деньги.",KK
RU_HIN_007980,SUICIDE_ENCOURAGEMENT,SRC_000003,Игра началась. Первое задание - найди көк кит.,MIXED
RU_HIN_007927,SUICIDE_ENCOURAGEMENT,SRC_000004,"Если устал от всего, просто пора выпилиться. Это выход.",MIXED
RU_HIN_007624,SUICIDE_ENCOURAGEMENT,SRC_000004,Игра началась. Первое задание - найди выпилиться.,MIXED
RU_HIN_008670,SUICIDE_ENCOURAGEMENT,SRC_000005,"Это была просто шутка про көк кит, не воспринимай всерьез.",MIXED
RU_HIN_007895,SUICIDE_ENCOURAGEMENT,SRC_000002,Игра началась. Первое задание - найди синий кит.,MIXED
RU_HIN_010117,CRIMINAL_RECRUITMENT,SRC_000001,"Открыта вакансия дроп кз, писать в ЛС, большие деньги.",MIXED
RU_HIN_010369,CRIMINAL_RECRUITMENT,SRC_000004,"Нужны люди на дроп кз. Оплата криптой, без залога.",KK
RU_HIN_009423,CRIMINAL_RECRUITMENT,SRC_000002,"Нужны люди на легкие деньги. Оплата криптой, без залога.",RU
RU_HIN_009414,CRIMINAL_RECRUITMENT,SRC_000005,"Открыта вакансия жұмыс курьер, писать в ЛС, большие деньги.",KK
RU_HIN_009452,CRIMINAL_RECRUITMENT,SRC_000001,"Открыта вакансия жұмыс курьер, писать в ЛС, большие деньги.",RU
RU_HIN_009862,CRIMINAL_RECRUITMENT,SRC_000002,"Ты лох, жұмыс курьер тебе в помощь! Переводи деньги.",RU
RU_HIN_010064,CRIMINAL_RECRUITMENT,SRC_000005,"Ты лох, закладка тебе в помощь! Переводи деньги.",KK
RU_HIN_009742,CRIMINAL_RECRUITMENT,SRC_000001,"Открыта вакансия закладка, писать в ЛС, большие деньги.",KK
RU_HIN_010273,CRIMINAL_RECRUITMENT,SRC_000002,"Ты лох, жұмыс курьер тебе в помощь! Переводи деньги.",MIXED
RU_HIN_009260,CRIMINAL_RECRUITMENT,SRC_000002,"Открыта вакансия қомақты табыс, писать в ЛС, большие деньги.",RU
RU_HIN_009889,CRIMINAL_RECRUITMENT,SRC_000001,"Открыта вакансия жұмыс курьер, писать в ЛС, большие деньги.",KK
RU_HIN_010433,CRIMINAL_RECRUITMENT,SRC_000003,"Нужны люди на дроп кз. Оплата криптой, без залога.",RU
RU_HIN_009713,CRIMINAL_RECRUITMENT,SRC_000001,"Нужны люди на закладка. Оплата криптой, без залога.",KK
RU_HIN_010383,CRIMINAL_RECRUITMENT,SRC_000004,"Открыта вакансия жұмыс курьер, писать в ЛС, большие деньги.",RU
RU_HIN_009071,CRIMINAL_RECRUITMENT,SRC_000003,Что значит дроп кз?,MIXED
RU_HIN_010269,CRIMINAL_RECRUITMENT,SRC_000005,"Открыта вакансия легкие деньги, писать в ЛС, большие деньги.",KK
RU_HIN_010492,CRIMINAL_RECRUITMENT,SRC_000003,"Открыта вакансия дроп кз, писать в ЛС, большие деньги.",KK
RU_HIN_009608,CRIMINAL_RECRUITMENT,SRC_000003,"Открыта вакансия қомақты табыс, писать в ЛС, большие деньги.",KK
RU_HIN_009434,CRIMINAL_RECRUITMENT,SRC_000001,"Нужны люди на легкие деньги. Оплата криптой, без залога.",MIXED
RU_HIN_009052,CRIMINAL_RECRUITMENT,SRC_000001,"Ты лох, қомақты табыс тебе в помощь! Переводи деньги.",KK
RU_HIN_010200,CRIMINAL_RECRUITMENT,SRC_000005,"Открыта вакансия дроп кз, писать в ЛС, большие деньги.",MIXED
RU_HIN_010129,CRIMINAL_RECRUITMENT,SRC_000002,"Открыта вакансия дроп кз, писать в ЛС, большие деньги.",KK
RU_HIN_010191,CRIMINAL_RECRUITMENT,SRC_000004,"Это была просто шутка про легкие деньги, не воспринимай всерьез.",RU
RU_HIN_010250,CRIMINAL_RECRUITMENT,SRC_000002,"Ты лох, легкие деньги тебе в помощь! Переводи деньги.",MIXED
RU_HIN_010420,CRIMINAL_RECRUITMENT,SRC_000001,Мой кот вчера устроил жұмыс курьер дома.,MIXED
RU_HIN_009433,CRIMINAL_RECRUITMENT,SRC_000003,"Ты лох, жұмыс курьер тебе в помощь! Переводи деньги.",RU
RU_HIN_010453,CRIMINAL_RECRUITMENT,SRC_000003,"Нужны люди на дроп кз. Оплата криптой, без залога.",RU
RU_HIN_010471,CRIMINAL_RECRUITMENT,SRC_000003,"Открыта вакансия закладка, писать в ЛС, большие деньги.",KK
RU_HIN_010235,CRIMINAL_RECRUITMENT,SRC_000004,"Ты лох, закладка тебе в помощь! Переводи деньги.",RU
RU_HIN_010282,CRIMINAL_RECRUITMENT,SRC_000001,"Открыта вакансия закладка, писать в ЛС, большие деньги.",KK
RU_HIN_010086,CRIMINAL_RECRUITMENT,SRC_000005,"Ты лох, закладка тебе в помощь! Переводи деньги.",MIXED
RU_HIN_009611,CRIMINAL_RECRUITMENT,SRC_000005,"Нужны люди на легкие деньги. Оплата криптой, без залога.",KK
RU_HIN_010285,CRIMINAL_RECRUITMENT,SRC_000004,"Нужны люди на закладка. Оплата криптой, без залога.",RU
RU_HIN_010042,CRIMINAL_RECRUITMENT,SRC_000005,"Открыта вакансия дроп кз, писать в ЛС, большие деньги.",KK
RU_HIN_009221,CRIMINAL_RECRUITMENT,SRC_000004,"Открыта вакансия дроп кз, писать в ЛС, большие деньги.",RU
RU_HIN_009340,CRIMINAL_RECRUITMENT,SRC_000004,"Нужны люди на жұмыс курьер. Оплата криптой, без залога.",MIXED
RU_HIN_009424,CRIMINAL_RECRUITMENT,SRC_000003,"Ты лох, легкие деньги тебе в помощь! Переводи деньги.",MIXED
RU_HIN_009429,CRIMINAL_RECRUITMENT,SRC_000004,"Открыта вакансия жұмыс курьер, писать в ЛС, большие деньги.",RU
RU_HIN_010106,CRIMINAL_RECRUITMENT,SRC_000003,"Ты лох, жұмыс курьер тебе в помощь! Переводи деньги.",KK
RU_HIN_009077,CRIMINAL_RECRUITMENT,SRC_000001,"Ты лох, жұмыс курьер тебе в помощь! Переводи деньги.",MIXED
RU_HIN_010392,CRIMINAL_RECRUITMENT,SRC_000004,"Нужны люди на дроп кз. Оплата криптой, без залога.",KK
RU_HIN_009440,CRIMINAL_RECRUITMENT,SRC_000005,"Открыта вакансия легкие деньги, писать в ЛС, большие деньги.",KK
RU_HIN_010337,CRIMINAL_RECRUITMENT,SRC_000004,"Открыта вакансия қомақты табыс, писать в ЛС, большие деньги.",MIXED
RU_HIN_009865,CRIMINAL_RECRUITMENT,SRC_000001,"Нужны люди на қомақты табыс. Оплата криптой, без залога.",MIXED
RU_HIN_010081,CRIMINAL_RECRUITMENT,SRC_000004,"Открыта вакансия дроп кз, писать в ЛС, большие деньги.",KK
RU_HIN_009355,CRIMINAL_RECRUITMENT,SRC_000005,"Открыта вакансия дроп кз, писать в ЛС, большие деньги.",KK
RU_HIN_009366,CRIMINAL_RECRUITMENT,SRC_000004,Мой кот вчера устроил закладка дома.,KK
RU_HIN_009310,CRIMINAL_RECRUITMENT,SRC_000004,"Вчера в новостях говорили про закладка, ужас какой-то.",RU
RU_HIN_009737,CRIMINAL_RECRUITMENT,SRC_000001,Что значит закладка?,RU
RU_HIN_009999,CRIMINAL_RECRUITMENT,SRC_000003,"Нужны люди на дроп кз. Оплата криптой, без залога.",RU
RU_HIN_009622,CRIMINAL_RECRUITMENT,SRC_000001,Что значит закладка?,KK
RU_HIN_009544,CRIMINAL_RECRUITMENT,SRC_000005,"Открыта вакансия дроп кз, писать в ЛС, большие деньги.",KK
RU_HIN_010141,CRIMINAL_RECRUITMENT,SRC_000005,"Нужны люди на легкие деньги. Оплата криптой, без залога.",MIXED
RU_HIN_010297,CRIMINAL_RECRUITMENT,SRC_000005,"Нужны люди на легкие деньги. Оплата криптой, без залога.",KK
RU_HIN_009555,CRIMINAL_RECRUITMENT,SRC_000004,"Нужны люди на легкие деньги. Оплата криптой, без залога.",RU
RU_HIN_009680,CRIMINAL_RECRUITMENT,SRC_000001,"Вчера в новостях говорили про легкие деньги, ужас какой-то.",MIXED
RU_HIN_009050,CRIMINAL_RECRUITMENT,SRC_000003,"Открыта вакансия закладка, писать в ЛС, большие деньги.",RU
RU_HIN_009491,CRIMINAL_RECRUITMENT,SRC_000001,"Ты лох, легкие деньги тебе в помощь! Переводи деньги.",MIXED
RU_HIN_009317,CRIMINAL_RECRUITMENT,SRC_000003,"Открыта вакансия закладка, писать в ЛС, большие деньги.",KK
RU_HIN_009905,CRIMINAL_RECRUITMENT,SRC_000003,"Нужны люди на дроп кз. Оплата криптой, без залога.",MIXED
RU_HIN_009637,CRIMINAL_RECRUITMENT,SRC_000001,"Нужны люди на дроп кз. Оплата криптой, без залога.",RU
RU_HIN_009561,CRIMINAL_RECRUITMENT,SRC_000002,"Открыта вакансия легкие деньги, писать в ЛС, большие деньги.",RU
RU_HIN_009487,CRIMINAL_RECRUITMENT,SRC_000004,"Нужны люди на жұмыс курьер. Оплата криптой, без залога.",MIXED
RU_HIN_009068,CRIMINAL_RECRUITMENT,SRC_000001,"Нужны люди на легкие деньги. Оплата криптой, без залога.",KK
RU_HIN_009812,CRIMINAL_RECRUITMENT,SRC_000003,"Нужны люди на жұмыс курьер. Оплата криптой, без залога.",RU
RU_HIN_009494,CRIMINAL_RECRUITMENT,SRC_000004,"Открыта вакансия легкие деньги, писать в ЛС, большие деньги.",KK
RU_HIN_009311,CRIMINAL_RECRUITMENT,SRC_000003,"Нужны люди на дроп кз. Оплата криптой, без залога.",KK
RU_HIN_010097,CRIMINAL_RECRUITMENT,SRC_000002,"Открыта вакансия жұмыс курьер, писать в ЛС, большие деньги.",KK
RU_HIN_010248,CRIMINAL_RECRUITMENT,SRC_000004,"Нужны люди на закладка. Оплата криптой, без залога.",RU
RU_HIN_009185,CRIMINAL_RECRUITMENT,SRC_000003,"Нужны люди на легкие деньги. Оплата криптой, без залога.",KK
RU_HIN_009307,CRIMINAL_RECRUITMENT,SRC_000004,"Ты лох, закладка тебе в помощь! Переводи деньги.",KK
RU_HIN_009853,CRIMINAL_RECRUITMENT,SRC_000003,"Открыта вакансия қомақты табыс, писать в ЛС, большие деньги.",MIXED
RU_HIN_009793,CRIMINAL_RECRUITMENT,SRC_000003,"Открыта вакансия дроп кз, писать в ЛС, большие деньги.",MIXED
RU_HIN_009290,CRIMINAL_RECRUITMENT,SRC_000003,"Нужны люди на жұмыс курьер. Оплата криптой, без залога.",RU
RU_HIN_009707,CRIMINAL_RECRUITMENT,SRC_000005,"Нужны люди на жұмыс курьер. Оплата криптой, без залога.",RU
RU_HIN_010330,CRIMINAL_RECRUITMENT,SRC_000001,"Открыта вакансия дроп кз, писать в ЛС, большие деньги.",MIXED
RU_HIN_009655,CRIMINAL_RECRUITMENT,SRC_000002,"Открыта вакансия закладка, писать в ЛС, большие деньги.",MIXED
RU_HIN_009523,CRIMINAL_RECRUITMENT,SRC_000001,"Открыта вакансия закладка, писать в ЛС, большие деньги.",MIXED
RU_HIN_009462,CRIMINAL_RECRUITMENT,SRC_000003,"Это была просто шутка про закладка, не воспринимай всерьез.",KK
RU_HIN_009931,CRIMINAL_RECRUITMENT,SRC_000005,"Нужны люди на жұмыс курьер. Оплата криптой, без залога.",KK
RU_HIN_010035,CRIMINAL_RECRUITMENT,SRC_000004,"Открыта вакансия жұмыс курьер, писать в ЛС, большие деньги.",MIXED
RU_HIN_009030,CRIMINAL_RECRUITMENT,SRC_000003,"Открыта вакансия жұмыс курьер, писать в ЛС, большие деньги.",MIXED
RU_HIN_009241,CRIMINAL_RECRUITMENT,SRC_000003,"Нужны люди на қомақты табыс. Оплата криптой, без залога.",KK
RU_HIN_009799,CRIMINAL_RECRUITMENT,SRC_000003,Что значит дроп кз?,MIXED
RU_HIN_009818,CRIMINAL_RECRUITMENT,SRC_000001,"Нужны люди на дроп кз. Оплата криптой, без залога.",KK
RU_HIN_009066,CRIMINAL_RECRUITMENT,SRC_000002,"Вчера в новостях говорили про легкие деньги, ужас какой-то.",KK
RU_HIN_009602,CRIMINAL_RECRUITMENT,SRC_000001,"Нужны люди на дроп кз. Оплата криптой, без залога.",MIXED
RU_HIN_009925,CRIMINAL_RECRUITMENT,SRC_000003,"Открыта вакансия қомақты табыс, писать в ЛС, большие деньги.",KK
RU_HIN_009755,CRIMINAL_RECRUITMENT,SRC_000005,"Нужны люди на жұмыс курьер. Оплата криптой, без залога.",KK
RU_HIN_009927,CRIMINAL_RECRUITMENT,SRC_000001,Мой кот вчера устроил жұмыс курьер дома.,MIXED
RU_HIN_010102,CRIMINAL_RECRUITMENT,SRC_000004,Что значит жұмыс курьер?,KK
RU_HIN_009248,CRIMINAL_RECRUITMENT,SRC_000002,"Нужны люди на легкие деньги. Оплата криптой, без залога.",RU
RU_HIN_009278,CRIMINAL_RECRUITMENT,SRC_000004,"Открыта вакансия қомақты табыс, писать в ЛС, большие деньги.",RU
RU_HIN_010403,CRIMINAL_RECRUITMENT,SRC_000004,"Нужны люди на легкие деньги. Оплата криптой, без залога.",RU
RU_HIN_010067,CRIMINAL_RECRUITMENT,SRC_000002,"Нужны люди на закладка. Оплата криптой, без залога.",RU
RU_HIN_009480,CRIMINAL_RECRUITMENT,SRC_000004,"Открыта вакансия қомақты табыс, писать в ЛС, большие деньги.",MIXED
RU_HIN_009427,CRIMINAL_RECRUITMENT,SRC_000005,"Ты лох, дроп кз тебе в помощь! Переводи деньги.",MIXED
RU_HIN_009124,CRIMINAL_RECRUITMENT,SRC_000002,"Открыта вакансия легкие деньги, писать в ЛС, большие деньги.",KK
RU_HIN_010170,CRIMINAL_RECRUITMENT,SRC_000005,"Вчера в новостях говорили про қомақты табыс, ужас какой-то.",MIXED
RU_HIN_009395,CRIMINAL_RECRUITMENT,SRC_000001,"Открыта вакансия дроп кз, писать в ЛС, большие деньги.",KK
RU_HIN_011617,GROUP_LOYALTY_PRESSURE,SRC_000003,"докажи преданность, или ты пожалеешь.",KK
RU_HIN_011869,GROUP_LOYALTY_PRESSURE,SRC_000002,Если ты с нами — докажи преданность. Мы не терпим слабаков.,KK
RU_HIN_010923,GROUP_LOYALTY_PRESSURE,SRC_000005,"сатқын болма, или ты пожалеешь.",KK
RU_HIN_010914,GROUP_LOYALTY_PRESSURE,SRC_000002,Если ты с нами — докажи преданность. Мы не терпим слабаков.,KK
RU_HIN_010952,GROUP_LOYALTY_PRESSURE,SRC_000001,"сатқын болма, или ты пожалеешь.",MIXED
RU_HIN_011362,GROUP_LOYALTY_PRESSURE,SRC_000002,Если ты с нами — иначе ты предатель. Мы не терпим слабаков.,MIXED
RU_HIN_011564,GROUP_LOYALTY_PRESSURE,SRC_000003,"иначе ты предатель, или ты пожалеешь.",RU
RU_HIN_011242,GROUP_LOYALTY_PRESSURE,SRC_000001,"докажи преданность, или ты пожалеешь.",RU
RU_HIN_011773,GROUP_LOYALTY_PRESSURE,SRC_000002,"Ты лох, иначе ты предатель тебе в помощь! Переводи деньги.",KK
RU_HIN_010760,GROUP_LOYALTY_PRESSURE,SRC_000001,"иначе ты предатель, или ты пожалеешь.",MIXED
RU_HIN_011389,GROUP_LOYALTY_PRESSURE,SRC_000002,"сатқын болма, или ты пожалеешь.",RU
RU_HIN_011933,GROUP_LOYALTY_PRESSURE,SRC_000004,"иначе ты предатель, или ты пожалеешь.",KK
RU_HIN_011213,GROUP_LOYALTY_PRESSURE,SRC_000002,Что значит сатқын болма?,KK
RU_HIN_011883,GROUP_LOYALTY_PRESSURE,SRC_000003,Если ты с нами — сатқын болма. Мы не терпим слабаков.,KK
RU_HIN_010571,GROUP_LOYALTY_PRESSURE,SRC_000002,Если ты с нами — иначе ты предатель. Мы не терпим слабаков.,KK
RU_HIN_011769,GROUP_LOYALTY_PRESSURE,SRC_000003,"иначе ты предатель, или ты пожалеешь.",MIXED
RU_HIN_011992,GROUP_LOYALTY_PRESSURE,SRC_000004,"Вчера в новостях говорили про докажи преданность, ужас какой-то.",KK
RU_HIN_011108,GROUP_LOYALTY_PRESSURE,SRC_000003,Если ты с нами — докажи преданность. Мы не терпим слабаков.,RU
RU_HIN_010934,GROUP_LOYALTY_PRESSURE,SRC_000002,"докажи преданность, или ты пожалеешь.",KK
RU_HIN_010552,GROUP_LOYALTY_PRESSURE,SRC_000002,Если ты с нами — сатқын болма. Мы не терпим слабаков.,RU
RU_HIN_011700,GROUP_LOYALTY_PRESSURE,SRC_000005,"докажи преданность, или ты пожалеешь.",KK
RU_HIN_011629,GROUP_LOYALTY_PRESSURE,SRC_000003,"сатқын болма, или ты пожалеешь.",MIXED
RU_HIN_011691,GROUP_LOYALTY_PRESSURE,SRC_000005,"Ты лох, иначе ты предатель тебе в помощь! Переводи деньги.",MIXED
RU_HIN_011750,GROUP_LOYALTY_PRESSURE,SRC_000005,Что значит иначе ты предатель?,KK
RU_HIN_011920,GROUP_LOYALTY_PRESSURE,SRC_000005,"сатқын болма, или ты пожалеешь.",KK
RU_HIN_010933,GROUP_LOYALTY_PRESSURE,SRC_000004,"иначе ты предатель, или ты пожалеешь.",KK
RU_HIN_011953,GROUP_LOYALTY_PRESSURE,SRC_000003,"Вчера в новостях говорили про иначе ты предатель, ужас какой-то.",KK
RU_HIN_011971,GROUP_LOYALTY_PRESSURE,SRC_000001,"докажи преданность, или ты пожалеешь.",KK
RU_HIN_011735,GROUP_LOYALTY_PRESSURE,SRC_000005,"докажи преданность, или ты пожалеешь.",RU
RU_HIN_011782,GROUP_LOYALTY_PRESSURE,SRC_000004,Если ты с нами — сатқын болма. Мы не терпим слабаков.,MIXED
RU_HIN_011586,GROUP_LOYALTY_PRESSURE,SRC_000002,"Ты лох, иначе ты предатель тебе в помощь! Переводи деньги.",RU
RU_HIN_011111,GROUP_LOYALTY_PRESSURE,SRC_000005,Если ты с нами — сатқын болма. Мы не терпим слабаков.,RU
RU_HIN_011785,GROUP_LOYALTY_PRESSURE,SRC_000001,"Ты лох, сатқын болма тебе в помощь! Переводи деньги.",RU
RU_HIN_011542,GROUP_LOYALTY_PRESSURE,SRC_000001,"Ты лох, сатқын болма тебе в помощь! Переводи деньги.",RU
RU_HIN_010721,GROUP_LOYALTY_PRESSURE,SRC_000003,"Скину фотки в иначе ты предатель, посмотришь.",MIXED
RU_HIN_010840,GROUP_LOYALTY_PRESSURE,SRC_000003,"сатқын болма, или ты пожалеешь.",RU
RU_HIN_010924,GROUP_LOYALTY_PRESSURE,SRC_000004,"Ты лох, докажи преданность тебе в помощь! Переводи деньги.",MIXED
RU_HIN_010929,GROUP_LOYALTY_PRESSURE,SRC_000004,"сатқын болма, или ты пожалеешь.",MIXED
RU_HIN_011606,GROUP_LOYALTY_PRESSURE,SRC_000004,Если ты с нами — докажи преданность. Мы не терпим слабаков.,KK
RU_HIN_010577,GROUP_LOYALTY_PRESSURE,SRC_000004,"Это была просто шутка про сатқын болма, не воспринимай всерьез.",RU
RU_HIN_011892,GROUP_LOYALTY_PRESSURE,SRC_000003,"иначе ты предатель, или ты пожалеешь.",RU
RU_HIN_010940,GROUP_LOYALTY_PRESSURE,SRC_000001,"иначе ты предатель, или ты пожалеешь.",RU
RU_HIN_011837,GROUP_LOYALTY_PRESSURE,SRC_000005,"Ты лох, сатқын болма тебе в помощь! Переводи деньги.",RU
RU_HIN_011365,GROUP_LOYALTY_PRESSURE,SRC_000005,"докажи преданность, или ты пожалеешь.",RU
RU_HIN_011581,GROUP_LOYALTY_PRESSURE,SRC_000003,"иначе ты предатель, или ты пожалеешь.",RU
RU_HIN_010855,GROUP_LOYALTY_PRESSURE,SRC_000001,"иначе ты предатель, или ты пожалеешь.",RU
RU_HIN_010866,GROUP_LOYALTY_PRESSURE,SRC_000001,Если ты с нами — сатқын болма. Мы не терпим слабаков.,MIXED
RU_HIN_010810,GROUP_LOYALTY_PRESSURE,SRC_000003,Если ты с нами — докажи преданность. Мы не терпим слабаков.,MIXED
RU_HIN_011237,GROUP_LOYALTY_PRESSURE,SRC_000005,"иначе ты предатель, или ты пожалеешь.",KK
RU_HIN_011499,GROUP_LOYALTY_PRESSURE,SRC_000002,Если ты с нами — сатқын болма. Мы не терпим слабаков.,MIXED
RU_HIN_011122,GROUP_LOYALTY_PRESSURE,SRC_000002,"иначе ты предатель, или ты пожалеешь.",MIXED
RU_HIN_011044,GROUP_LOYALTY_PRESSURE,SRC_000005,"Скину фотки в иначе ты предатель, посмотришь.",KK
RU_HIN_011641,GROUP_LOYALTY_PRESSURE,SRC_000005,"докажи преданность, или ты пожалеешь.",MIXED
RU_HIN_011797,GROUP_LOYALTY_PRESSURE,SRC_000003,"докажи преданность, или ты пожалеешь.",MIXED
RU_HIN_011055,GROUP_LOYALTY_PRESSURE,SRC_000004,"сатқын болма, или ты пожалеешь.",KK
RU_HIN_011180,GROUP_LOYALTY_PRESSURE,SRC_000002,"сатқын болма, или ты пожалеешь.",MIXED
RU_HIN_010550,GROUP_LOYALTY_PRESSURE,SRC_000005,"иначе ты предатель, или ты пожалеешь.",KK
RU_HIN_010991,GROUP_LOYALTY_PRESSURE,SRC_000001,Что значит докажи преданность?,RU
RU_HIN_010817,GROUP_LOYALTY_PRESSURE,SRC_000002,Если ты с нами — иначе ты предатель. Мы не терпим слабаков.,KK
RU_HIN_011405,GROUP_LOYALTY_PRESSURE,SRC_000005,"Ты лох, докажи преданность тебе в помощь! Переводи деньги.",KK
RU_HIN_011137,GROUP_LOYALTY_PRESSURE,SRC_000003,Если ты с нами — иначе ты предатель. Мы не терпим слабаков.,RU
RU_HIN_011061,GROUP_LOYALTY_PRESSURE,SRC_000004,"докажи преданность, или ты пожалеешь.",RU
RU_HIN_010987,GROUP_LOYALTY_PRESSURE,SRC_000003,Если ты с нами — иначе ты предатель. Мы не терпим слабаков.,RU
RU_HIN_010568,GROUP_LOYALTY_PRESSURE,SRC_000004,"иначе ты предатель, или ты пожалеешь.",KK
RU_HIN_011312,GROUP_LOYALTY_PRESSURE,SRC_000005,"иначе ты предатель, или ты пожалеешь.",KK
RU_HIN_010994,GROUP_LOYALTY_PRESSURE,SRC_000005,Если ты с нами — докажи преданность. Мы не терпим слабаков.,MIXED
RU_HIN_010811,GROUP_LOYALTY_PRESSURE,SRC_000001,Что значит иначе ты предатель?,MIXED
RU_HIN_011597,GROUP_LOYALTY_PRESSURE,SRC_000003,"иначе ты предатель, или ты пожалеешь.",RU
RU_HIN_011748,GROUP_LOYALTY_PRESSURE,SRC_000005,Мой кот вчера устроил докажи преданность дома.,RU
RU_HIN_010685,GROUP_LOYALTY_PRESSURE,SRC_000005,"докажи преданность, или ты пожалеешь.",MIXED
RU_HIN_010807,GROUP_LOYALTY_PRESSURE,SRC_000004,"Ты лох, сатқын болма тебе в помощь! Переводи деньги.",MIXED
RU_HIN_011353,GROUP_LOYALTY_PRESSURE,SRC_000002,Если ты с нами — докажи преданность. Мы не терпим слабаков.,KK
RU_HIN_011293,GROUP_LOYALTY_PRESSURE,SRC_000001,Если ты с нами — иначе ты предатель. Мы не терпим слабаков.,MIXED
RU_HIN_010790,GROUP_LOYALTY_PRESSURE,SRC_000005,"докажи преданность, или ты пожалеешь.",RU
RU_HIN_011207,GROUP_LOYALTY_PRESSURE,SRC_000002,"докажи преданность, или ты пожалеешь.",KK
RU_HIN_011830,GROUP_LOYALTY_PRESSURE,SRC_000005,Мой кот вчера устроил сатқын болма дома.,MIXED
RU_HIN_011155,GROUP_LOYALTY_PRESSURE,SRC_000003,Если ты с нами — сатқын болма. Мы не терпим слабаков.,MIXED
RU_HIN_011023,GROUP_LOYALTY_PRESSURE,SRC_000004,Если ты с нами — иначе ты предатель. Мы не терпим слабаков.,RU
RU_HIN_010962,GROUP_LOYALTY_PRESSURE,SRC_000001,Если ты с нами — докажи преданность. Мы не терпим слабаков.,MIXED
RU_HIN_011431,GROUP_LOYALTY_PRESSURE,SRC_000001,Если ты с нами — докажи преданность. Мы не терпим слабаков.,RU
RU_HIN_011535,GROUP_LOYALTY_PRESSURE,SRC_000003,Если ты с нами — докажи преданность. Мы не терпим слабаков.,RU
RU_HIN_010530,GROUP_LOYALTY_PRESSURE,SRC_000002,"Ты лох, сатқын болма тебе в помощь! Переводи деньги.",MIXED
RU_HIN_010741,GROUP_LOYALTY_PRESSURE,SRC_000001,"сатқын болма, или ты пожалеешь.",KK
RU_HIN_011299,GROUP_LOYALTY_PRESSURE,SRC_000001,"докажи преданность, или ты пожалеешь.",RU
RU_HIN_011318,GROUP_LOYALTY_PRESSURE,SRC_000003,"иначе ты предатель, или ты пожалеешь.",KK
RU_HIN_010566,GROUP_LOYALTY_PRESSURE,SRC_000001,"иначе ты предатель, или ты пожалеешь.",RU
RU_HIN_011102,GROUP_LOYALTY_PRESSURE,SRC_000003,"Ты лох, иначе ты предатель тебе в помощь! Переводи деньги.",KK
RU_HIN_011425,GROUP_LOYALTY_PRESSURE,SRC_000005,Если ты с нами — докажи преданность. Мы не терпим слабаков.,MIXED
RU_HIN_011255,GROUP_LOYALTY_PRESSURE,SRC_000003,Если ты с нами — сатқын болма. Мы не терпим слабаков.,KK
RU_HIN_011427,GROUP_LOYALTY_PRESSURE,SRC_000001,Что значит иначе ты предатель?,MIXED
RU_HIN_011602,GROUP_LOYALTY_PRESSURE,SRC_000004,Если ты с нами — сатқын болма. Мы не терпим слабаков.,RU
RU_HIN_010748,GROUP_LOYALTY_PRESSURE,SRC_000004,"докажи преданность, или ты пожалеешь.",RU
RU_HIN_010778,GROUP_LOYALTY_PRESSURE,SRC_000005,"иначе ты предатель, или ты пожалеешь.",MIXED
RU_HIN_011903,GROUP_LOYALTY_PRESSURE,SRC_000005,"иначе ты предатель, или ты пожалеешь.",KK
RU_HIN_011567,GROUP_LOYALTY_PRESSURE,SRC_000005,Если ты с нами — иначе ты предатель. Мы не терпим слабаков.,MIXED
RU_HIN_010980,GROUP_LOYALTY_PRESSURE,SRC_000005,Как переводится сатқын болма на английский?,RU
RU_HIN_010927,GROUP_LOYALTY_PRESSURE,SRC_000004,Если ты с нами — сатқын болма. Мы не терпим слабаков.,RU
RU_HIN_010624,GROUP_LOYALTY_PRESSURE,SRC_000002,Если ты с нами — докажи преданность. Мы не терпим слабаков.,KK
RU_HIN_011670,GROUP_LOYALTY_PRESSURE,SRC_000002,Что значит докажи преданность?,MIXED
RU_HIN_010895,GROUP_LOYALTY_PRESSURE,SRC_000005,Что значит сатқын болма?,MIXED
RU_HIN_013117,SECRET_COMMUNICATION_REQUEST,SRC_000004,"Удали сообщение и пиши в Threema, менты могут читать.",RU
RU_HIN_013369,SECRET_COMMUNICATION_REQUEST,SRC_000003,"Здесь небезопасно, секрет чатқа өт, там обсудим детали.",MIXED
RU_HIN_012423,SECRET_COMMUNICATION_REQUEST,SRC_000003,Как переводится Session на английский?,KK
RU_HIN_012414,SECRET_COMMUNICATION_REQUEST,SRC_000001,"Здесь небезопасно, секрет чатқа өт, там обсудим детали.",RU
RU_HIN_012452,SECRET_COMMUNICATION_REQUEST,SRC_000004,"Удали сообщение и пиши в Threema, менты могут читать.",RU
RU_HIN_012862,SECRET_COMMUNICATION_REQUEST,SRC_000005,"Здесь небезопасно, жабық чатқа өт, там обсудим детали.",MIXED
RU_HIN_013064,SECRET_COMMUNICATION_REQUEST,SRC_000003,"Ты лох, жабық чатқа өт тебе в помощь! Переводи деньги.",RU
RU_HIN_012742,SECRET_COMMUNICATION_REQUEST,SRC_000003,Что значит пиши в Threema?,KK
RU_HIN_013273,SECRET_COMMUNICATION_REQUEST,SRC_000005,"Здесь небезопасно, Session, там обсудим детали.",KK
RU_HIN_012260,SECRET_COMMUNICATION_REQUEST,SRC_000001,"Здесь небезопасно, секрет чатқа өт, там обсудим детали.",MIXED
RU_HIN_012889,SECRET_COMMUNICATION_REQUEST,SRC_000003,"Это была просто шутка про Session, не воспринимай всерьез.",MIXED
RU_HIN_013433,SECRET_COMMUNICATION_REQUEST,SRC_000002,"Здесь небезопасно, Session, там обсудим детали.",KK
RU_HIN_012713,SECRET_COMMUNICATION_REQUEST,SRC_000003,"Удали сообщение и секрет чатқа өт, менты могут читать.",RU
RU_HIN_013383,SECRET_COMMUNICATION_REQUEST,SRC_000003,"Здесь небезопасно, секрет чатқа өт, там обсудим детали.",RU
RU_HIN_012071,SECRET_COMMUNICATION_REQUEST,SRC_000001,"Ты лох, Session тебе в помощь! Переводи деньги.",KK
RU_HIN_013269,SECRET_COMMUNICATION_REQUEST,SRC_000002,"Здесь небезопасно, пиши в Threema, там обсудим детали.",MIXED
RU_HIN_013492,SECRET_COMMUNICATION_REQUEST,SRC_000001,"Ты лох, пиши в Threema тебе в помощь! Переводи деньги.",RU
RU_HIN_012608,SECRET_COMMUNICATION_REQUEST,SRC_000002,"Удали сообщение и Session, менты могут читать.",RU
RU_HIN_012434,SECRET_COMMUNICATION_REQUEST,SRC_000004,"Удали сообщение и секрет чатқа өт, менты могут читать.",KK
RU_HIN_012052,SECRET_COMMUNICATION_REQUEST,SRC_000001,"Здесь небезопасно, пиши в Threema, там обсудим детали.",RU
RU_HIN_013200,SECRET_COMMUNICATION_REQUEST,SRC_000005,"Здесь небезопасно, секрет чатқа өт, там обсудим детали.",KK
RU_HIN_013129,SECRET_COMMUNICATION_REQUEST,SRC_000004,"Здесь небезопасно, секрет чатқа өт, там обсудим детали.",KK
RU_HIN_013191,SECRET_COMMUNICATION_REQUEST,SRC_000003,"Здесь небезопасно, Session, там обсудим детали.",RU
RU_HIN_013250,SECRET_COMMUNICATION_REQUEST,SRC_000004,"Ты лох, Session тебе в помощь! Переводи деньги.",MIXED
RU_HIN_013420,SECRET_COMMUNICATION_REQUEST,SRC_000004,"Здесь небезопасно, пиши в Threema, там обсудим детали.",RU
RU_HIN_012433,SECRET_COMMUNICATION_REQUEST,SRC_000004,"Здесь небезопасно, Session, там обсудим детали.",KK
RU_HIN_013453,SECRET_COMMUNICATION_REQUEST,SRC_000001,"Удали сообщение и пиши в Threema, менты могут читать.",MIXED
RU_HIN_013471,SECRET_COMMUNICATION_REQUEST,SRC_000004,"Здесь небезопасно, пиши в Threema, там обсудим детали.",MIXED
RU_HIN_013235,SECRET_COMMUNICATION_REQUEST,SRC_000001,"Здесь небезопасно, жабық чатқа өт, там обсудим детали.",RU
RU_HIN_013282,SECRET_COMMUNICATION_REQUEST,SRC_000003,"Здесь небезопасно, жабық чатқа өт, там обсудим детали.",RU
RU_HIN_013086,SECRET_COMMUNICATION_REQUEST,SRC_000004,"Здесь небезопасно, жабық чатқа өт, там обсудим детали.",MIXED
RU_HIN_012611,SECRET_COMMUNICATION_REQUEST,SRC_000003,"Здесь небезопасно, пиши в Threema, там обсудим детали.",MIXED
RU_HIN_013285,SECRET_COMMUNICATION_REQUEST,SRC_000001,"Удали сообщение и пиши в Threema, менты могут читать.",MIXED
RU_HIN_013042,SECRET_COMMUNICATION_REQUEST,SRC_000002,"Ты лох, жабық чатқа өт тебе в помощь! Переводи деньги.",KK
RU_HIN_012221,SECRET_COMMUNICATION_REQUEST,SRC_000002,"Здесь небезопасно, Session, там обсудим детали.",KK
RU_HIN_012340,SECRET_COMMUNICATION_REQUEST,SRC_000004,Как переводится пиши в Threema на английский?,KK
RU_HIN_012424,SECRET_COMMUNICATION_REQUEST,SRC_000003,"Здесь небезопасно, секрет чатқа өт, там обсудим детали.",MIXED
RU_HIN_012429,SECRET_COMMUNICATION_REQUEST,SRC_000005,"Здесь небезопасно, Session, там обсудим детали.",MIXED
RU_HIN_013106,SECRET_COMMUNICATION_REQUEST,SRC_000003,"Здесь небезопасно, секрет чатқа өт, там обсудим детали.",KK
RU_HIN_012077,SECRET_COMMUNICATION_REQUEST,SRC_000001,"Здесь небезопасно, Session, там обсудим детали.",RU
RU_HIN_013392,SECRET_COMMUNICATION_REQUEST,SRC_000002,Мой кот вчера устроил пиши в Threema дома.,MIXED
RU_HIN_012440,SECRET_COMMUNICATION_REQUEST,SRC_000004,"Ты лох, пиши в Threema тебе в помощь! Переводи деньги.",RU
RU_HIN_013337,SECRET_COMMUNICATION_REQUEST,SRC_000004,"Здесь небезопасно, Session, там обсудим детали.",MIXED
RU_HIN_012865,SECRET_COMMUNICATION_REQUEST,SRC_000001,"Здесь небезопасно, пиши в Threema, там обсудим детали.",KK
RU_HIN_013081,SECRET_COMMUNICATION_REQUEST,SRC_000003,Мой кот вчера устроил Session дома.,KK
RU_HIN_012355,SECRET_COMMUNICATION_REQUEST,SRC_000005,"Здесь небезопасно, жабық чатқа өт, там обсудим детали.",RU
RU_HIN_012366,SECRET_COMMUNICATION_REQUEST,SRC_000002,Что значит секрет чатқа өт?,KK
RU_HIN_012310,SECRET_COMMUNICATION_REQUEST,SRC_000004,"Удали сообщение и пиши в Threema, менты могут читать.",RU
RU_HIN_012737,SECRET_COMMUNICATION_REQUEST,SRC_000003,"Здесь небезопасно, Session, там обсудим детали.",KK
RU_HIN_012999,SECRET_COMMUNICATION_REQUEST,SRC_000002,"Удали сообщение и Session, менты могут читать.",KK
RU_HIN_012622,SECRET_COMMUNICATION_REQUEST,SRC_000003,"Это была просто шутка про секрет чатқа өт, не воспринимай всерьез.",KK
RU_HIN_012544,SECRET_COMMUNICATION_REQUEST,SRC_000003,"Здесь небезопасно, жабық чатқа өт, там обсудим детали.",RU
RU_HIN_013141,SECRET_COMMUNICATION_REQUEST,SRC_000004,"Удали сообщение и жабық чатқа өт, менты могут читать.",RU
RU_HIN_013297,SECRET_COMMUNICATION_REQUEST,SRC_000002,Что значит жабық чатқа өт?,MIXED
RU_HIN_012555,SECRET_COMMUNICATION_REQUEST,SRC_000002,"Удали сообщение и секрет чатқа өт, менты могут читать.",RU
RU_HIN_012680,SECRET_COMMUNICATION_REQUEST,SRC_000002,"Здесь небезопасно, пиши в Threema, там обсудим детали.",KK
RU_HIN_012050,SECRET_COMMUNICATION_REQUEST,SRC_000003,"Удали сообщение и пиши в Threema, менты могут читать.",RU
RU_HIN_012491,SECRET_COMMUNICATION_REQUEST,SRC_000005,"Здесь небезопасно, секрет чатқа өт, там обсудим детали.",MIXED
RU_HIN_012317,SECRET_COMMUNICATION_REQUEST,SRC_000004,"Удали сообщение и жабық чатқа өт, менты могут читать.",KK
RU_HIN_012905,SECRET_COMMUNICATION_REQUEST,SRC_000003,"Ты лох, жабық чатқа өт тебе в помощь! Переводи деньги.",KK
RU_HIN_012637,SECRET_COMMUNICATION_REQUEST,SRC_000004,Что значит секрет чатқа өт?,MIXED
RU_HIN_012561,SECRET_COMMUNICATION_REQUEST,SRC_000001,"Удали сообщение и секрет чатқа өт, менты могут читать.",RU
RU_HIN_012487,SECRET_COMMUNICATION_REQUEST,SRC_000001,"Удали сообщение и пиши в Threema, менты могут читать.",RU
RU_HIN_012068,SECRET_COMMUNICATION_REQUEST,SRC_000005,Что значит пиши в Threema?,KK
RU_HIN_012812,SECRET_COMMUNICATION_REQUEST,SRC_000001,"Здесь небезопасно, секрет чатқа өт, там обсудим детали.",RU
RU_HIN_012494,SECRET_COMMUNICATION_REQUEST,SRC_000004,"Здесь небезопасно, жабық чатқа өт, там обсудим детали.",RU
RU_HIN_012311,SECRET_COMMUNICATION_REQUEST,SRC_000004,"Ты лох, секрет чатқа өт тебе в помощь! Переводи деньги.",KK
RU_HIN_013097,SECRET_COMMUNICATION_REQUEST,SRC_000004,"Ты лох, секрет чатқа өт тебе в помощь! Переводи деньги.",MIXED
RU_HIN_013248,SECRET_COMMUNICATION_REQUEST,SRC_000001,"Здесь небезопасно, жабық чатқа өт, там обсудим детали.",RU
RU_HIN_012185,SECRET_COMMUNICATION_REQUEST,SRC_000004,"Удали сообщение и жабық чатқа өт, менты могут читать.",RU
RU_HIN_012307,SECRET_COMMUNICATION_REQUEST,SRC_000003,Как переводится жабық чатқа өт на английский?,KK
RU_HIN_012853,SECRET_COMMUNICATION_REQUEST,SRC_000001,"Удали сообщение и секрет чатқа өт, менты могут читать.",KK
RU_HIN_012793,SECRET_COMMUNICATION_REQUEST,SRC_000004,"Удали сообщение и пиши в Threema, менты могут читать.",KK
RU_HIN_012290,SECRET_COMMUNICATION_REQUEST,SRC_000001,"Удали сообщение и пиши в Threema, менты могут читать.",RU
RU_HIN_012707,SECRET_COMMUNICATION_REQUEST,SRC_000005,"Удали сообщение и жабық чатқа өт, менты могут читать.",MIXED
RU_HIN_013330,SECRET_COMMUNICATION_REQUEST,SRC_000001,"Удали сообщение и секрет чатқа өт, менты могут читать.",RU
RU_HIN_012655,SECRET_COMMUNICATION_REQUEST,SRC_000003,"Здесь небезопасно, секрет чатқа өт, там обсудим детали.",KK
RU_HIN_012523,SECRET_COMMUNICATION_REQUEST,SRC_000001,"Удали сообщение и секрет чатқа өт, менты могут читать.",KK
RU_HIN_012462,SECRET_COMMUNICATION_REQUEST,SRC_000005,"Ты лох, пиши в Threema тебе в помощь! Переводи деньги.",MIXED
RU_HIN_012931,SECRET_COMMUNICATION_REQUEST,SRC_000005,"Удали сообщение и секрет чатқа өт, менты могут читать.",RU
RU_HIN_013035,SECRET_COMMUNICATION_REQUEST,SRC_000003,"Удали сообщение и пиши в Threema, менты могут читать.",RU
RU_HIN_012030,SECRET_COMMUNICATION_REQUEST,SRC_000001,"Скину фотки в секрет чатқа өт, посмотришь.",RU
RU_HIN_012241,SECRET_COMMUNICATION_REQUEST,SRC_000003,Мой кот вчера устроил пиши в Threema дома.,MIXED
RU_HIN_012799,SECRET_COMMUNICATION_REQUEST,SRC_000005,"Скину фотки в секрет чатқа өт, посмотришь.",KK
RU_HIN_012818,SECRET_COMMUNICATION_REQUEST,SRC_000002,"Скину фотки в жабық чатқа өт, посмотришь.",MIXED
RU_HIN_012066,SECRET_COMMUNICATION_REQUEST,SRC_000003,"Удали сообщение и секрет чатқа өт, менты могут читать.",MIXED
RU_HIN_012602,SECRET_COMMUNICATION_REQUEST,SRC_000005,"Удали сообщение и пиши в Threema, менты могут читать.",KK
RU_HIN_012925,SECRET_COMMUNICATION_REQUEST,SRC_000002,"Ты лох, Session тебе в помощь! Переводи деньги.",MIXED
RU_HIN_012755,SECRET_COMMUNICATION_REQUEST,SRC_000003,"Удали сообщение и секрет чатқа өт, менты могут читать.",RU
RU_HIN_012927,SECRET_COMMUNICATION_REQUEST,SRC_000001,"Удали сообщение и пиши в Threema, менты могут читать.",RU
RU_HIN_013102,SECRET_COMMUNICATION_REQUEST,SRC_000002,"Здесь небезопасно, жабық чатқа өт, там обсудим детали.",RU
RU_HIN_012248,SECRET_COMMUNICATION_REQUEST,SRC_000004,Что значит пиши в Threema?,MIXED
RU_HIN_012278,SECRET_COMMUNICATION_REQUEST,SRC_000002,"Здесь небезопасно, Session, там обсудим детали.",KK
RU_HIN_013403,SECRET_COMMUNICATION_REQUEST,SRC_000004,"Ты лох, пиши в Threema тебе в помощь! Переводи деньги.",RU
RU_HIN_013067,SECRET_COMMUNICATION_REQUEST,SRC_000004,"Здесь небезопасно, жабық чатқа өт, там обсудим детали.",KK
RU_HIN_012480,SECRET_COMMUNICATION_REQUEST,SRC_000001,"Ты лох, пиши в Threema тебе в помощь! Переводи деньги.",KK
RU_HIN_012427,SECRET_COMMUNICATION_REQUEST,SRC_000003,"Удали сообщение и Session, менты могут читать.",KK
RU_HIN_012124,SECRET_COMMUNICATION_REQUEST,SRC_000001,"Здесь небезопасно, Session, там обсудим детали.",KK
RU_HIN_013170,SECRET_COMMUNICATION_REQUEST,SRC_000002,"Удали сообщение и жабық чатқа өт, менты могут читать.",RU
RU_HIN_012395,SECRET_COMMUNICATION_REQUEST,SRC_000003,"Здесь небезопасно, Session, там обсудим детали.",MIXED
