dialogue_id,target_subtype,annotation,text_snippet,annotator_comment
RU_HIN_000560,EXTREMIST_PROPAGANDA,TARGET_THREAT,"Если ты истинный патриот, всту",Проверено
KK_HIN_000979,EXTREMIST_PROPAGANDA,TARGET_THREAT,"Бұл саясаткерлер шектен шықты,",Проверено
KK_HIN_000802,EXTREMIST_PROPAGANDA,TARGET_THREAT,"Егер сен нағыз патриот болсаң,",Проверено
KK_HIN_001314,EXTREMIST_PROPAGANDA,TARGET_THREAT,"Бұл саясаткерлер шектен шықты,",Проверено
KK_HIN_001252,EXTREMIST_PROPAGANDA,TARGET_THREAT,"Егер сен нағыз патриот болсаң,",Проверено
KK_HIN_001208,EXTREMIST_PROPAGANDA,TARGET_THREAT,"Бұл саясаткерлер шектен шықты,",Проверено
KK_HIN_001036,EXTREMIST_PROPAGANDA,TARGET_THREAT,"Бұл саясаткерлер шектен шықты,",Проверено
KK_HIN_000960,EXTREMIST_PROPAGANDA,TARGET_THREAT,"Егер сен нағыз патриот болсаң,",Проверено
RU_HIN_000636,EXTREMIST_PROPAGANDA,TARGET_THREAT,"Эти политики совсем обнаглели,",Проверено
RU_HIN_000367,EXTREMIST_PROPAGANDA,TARGET_THREAT,"Эти политики совсем обнаглели,",Проверено
KK_HIN_000929,EXTREMIST_PROPAGANDA,TARGET_THREAT,"Егер сен нағыз патриот болсаң,",Проверено
RU_HIN_000460,EXTREMIST_PROPAGANDA,TARGET_THREAT,"Эти политики совсем обнаглели,",Проверено
RU_HIN_000115,EXTREMIST_PROPAGANDA,TARGET_THREAT,"Если ты истинный патриот, всту",Проверено
KK_HIN_000816,EXTREMIST_PROPAGANDA,TARGET_THREAT,"Бұл саясаткерлер шектен шықты,",Проверено
KK_HIN_000812,EXTREMIST_PROPAGANDA,TARGET_THREAT,"Егер сен нағыз патриот болсаң,",Проверено
KK_HIN_000942,EXTREMIST_PROPAGANDA,TARGET_THREAT,"Егер сен нағыз патриот болсаң,",Проверено
KK_HIN_001198,EXTREMIST_PROPAGANDA,TARGET_THREAT,"Бұл саясаткерлер шектен шықты,",Проверено
KK_HIN_001227,EXTREMIST_PROPAGANDA,TARGET_THREAT,"Егер сен нағыз патриот болсаң,",Проверено
RU_HIN_000285,EXTREMIST_PROPAGANDA,TARGET_THREAT,"Эти политики совсем обнаглели,",Проверено
RU_HIN_000483,EXTREMIST_PROPAGANDA,TARGET_THREAT,"Если ты истинный патриот, всту",Проверено
KK_HIN_000805,EXTREMIST_PROPAGANDA,TARGET_THREAT,"Егер сен нағыз патриот болсаң,",Проверено
RU_HIN_000400,EXTREMIST_PROPAGANDA,TARGET_THREAT,"Эти политики совсем обнаглели,",Проверено
KK_HIN_001158,EXTREMIST_PROPAGANDA,TARGET_THREAT,"Бұл саясаткерлер шектен шықты,",Проверено
RU_HIN_000717,EXTREMIST_PROPAGANDA,TARGET_THREAT,"Эти политики совсем обнаглели,",Проверено
RU_HIN_000581,EXTREMIST_PROPAGANDA,TARGET_THREAT,"Если ты истинный патриот, всту",Проверено
RU_HIN_000687,EXTREMIST_PROPAGANDA,TARGET_THREAT,"Эти политики совсем обнаглели,",Проверено
RU_HIN_000110,EXTREMIST_PROPAGANDA,TARGET_THREAT,"Эти политики совсем обнаглели,",Проверено
KK_HIN_001202,EXTREMIST_PROPAGANDA,TARGET_THREAT,"Егер сен нағыз патриот болсаң,",Проверено
RU_HIN_000170,EXTREMIST_PROPAGANDA,TARGET_THREAT,"Если ты истинный патриот, всту",Проверено
RU_HIN_000457,EXTREMIST_PROPAGANDA,TARGET_THREAT,"Если ты истинный патриот, всту",Проверено
KK_HIN_001320,EXTREMIST_PROPAGANDA,TARGET_THREAT,"Егер сен нағыз патриот болсаң,",Проверено
KK_HIN_000764,EXTREMIST_PROPAGANDA,TARGET_THREAT,"Бұл саясаткерлер шектен шықты,",Проверено
KK_HIN_001077,EXTREMIST_PROPAGANDA,TARGET_THREAT,"Бұл саясаткерлер шектен шықты,",Проверено
RU_HIN_000680,EXTREMIST_PROPAGANDA,TARGET_THREAT,"Эти политики совсем обнаглели,",Проверено
RU_HIN_000116,EXTREMIST_PROPAGANDA,TARGET_THREAT,"Эти политики совсем обнаглели,",Проверено
KK_HIN_001447,EXTREMIST_PROPAGANDA,TARGET_THREAT,"Егер сен нағыз патриот болсаң,",Проверено
KK_HIN_001069,EXTREMIST_PROPAGANDA,TARGET_THREAT,"Бұл саясаткерлер шектен шықты,",Проверено
KK_HIN_001191,EXTREMIST_PROPAGANDA,TARGET_THREAT,"Егер сен нағыз патриот болсаң,",Проверено
KK_HIN_001440,EXTREMIST_PROPAGANDA,TARGET_THREAT,"Бұл саясаткерлер шектен шықты,",Проверено
KK_HIN_000940,EXTREMIST_PROPAGANDA,TARGET_THREAT,"Бұл саясаткерлер шектен шықты,",Проверено
RU_HIN_000029,EXTREMIST_PROPAGANDA,TARGET_THREAT,"Если ты истинный патриот, всту",Проверено
KK_HIN_000949,EXTREMIST_PROPAGANDA,TARGET_THREAT,"Егер сен нағыз патриот болсаң,",Проверено
KK_HIN_001486,EXTREMIST_PROPAGANDA,TARGET_THREAT,"Егер сен нағыз патриот болсаң,",Проверено
KK_HIN_001455,EXTREMIST_PROPAGANDA,TARGET_THREAT,"Бұл саясаткерлер шектен шықты,",Проверено
RU_HIN_000487,EXTREMIST_PROPAGANDA,TARGET_THREAT,"Если ты истинный патриот, всту",Проверено
KK_HIN_001292,EXTREMIST_PROPAGANDA,TARGET_THREAT,"Егер сен нағыз патриот болсаң,",Проверено
KK_HIN_000839,EXTREMIST_PROPAGANDA,TARGET_THREAT,"Бұл саясаткерлер шектен шықты,",Проверено
RU_HIN_000745,EXTREMIST_PROPAGANDA,TARGET_THREAT,"Если ты истинный патриот, всту",Проверено
RU_HIN_000191,EXTREMIST_PROPAGANDA,TARGET_THREAT,"Если ты истинный патриот, всту",Проверено
RU_HIN_000349,EXTREMIST_PROPAGANDA,TARGET_THREAT,"Эти политики совсем обнаглели,",Проверено
KK_HIN_001006,EXTREMIST_PROPAGANDA,TARGET_THREAT,"Бұл саясаткерлер шектен шықты,",Проверено
RU_HIN_000026,EXTREMIST_PROPAGANDA,TARGET_THREAT,"Если ты истинный патриот, всту",Проверено
KK_HIN_000912,EXTREMIST_PROPAGANDA,TARGET_THREAT,"Егер сен нағыз патриот болсаң,",Проверено
RU_HIN_000381,EXTREMIST_PROPAGANDA,TARGET_THREAT,"Эти политики совсем обнаглели,",Проверено
KK_HIN_001351,EXTREMIST_PROPAGANDA,TARGET_THREAT,"Егер сен нағыз патриот болсаң,",Проверено
RU_HIN_000538,EXTREMIST_PROPAGANDA,TARGET_THREAT,"Если ты истинный патриот, всту",Проверено
RU_HIN_000517,EXTREMIST_PROPAGANDA,TARGET_THREAT,"Если ты истинный патриот, всту",Проверено
KK_HIN_001491,EXTREMIST_PROPAGANDA,TARGET_THREAT,"Егер сен нағыз патриот болсаң,",Проверено
RU_HIN_000433,EXTREMIST_PROPAGANDA,TARGET_THREAT,"Эти политики совсем обнаглели,",Проверено
KK_HIN_001144,EXTREMIST_PROPAGANDA,TARGET_THREAT,"Егер сен нағыз патриот болсаң,",Проверено
RU_HIN_000693,EXTREMIST_PROPAGANDA,TARGET_THREAT,"Эти политики совсем обнаглели,",Проверено
KK_HIN_000893,EXTREMIST_PROPAGANDA,TARGET_THREAT,"Бұл саясаткерлер шектен шықты,",Проверено
KK_HIN_000844,EXTREMIST_PROPAGANDA,TARGET_THREAT,"Бұл саясаткерлер шектен шықты,",Проверено
RU_HIN_000605,EXTREMIST_PROPAGANDA,TARGET_THREAT,"Если ты истинный патриот, всту",Проверено
KK_HIN_001217,EXTREMIST_PROPAGANDA,TARGET_THREAT,"Егер сен нағыз патриот болсаң,",Проверено
KK_HIN_001343,EXTREMIST_PROPAGANDA,TARGET_THREAT,"Егер сен нағыз патриот болсаң,",Проверено
KK_HIN_000914,EXTREMIST_PROPAGANDA,TARGET_THREAT,"Бұл саясаткерлер шектен шықты,",Проверено
KK_HIN_000957,EXTREMIST_PROPAGANDA,TARGET_THREAT,"Егер сен нағыз патриот болсаң,",Проверено
RU_HIN_000179,EXTREMIST_PROPAGANDA,TARGET_THREAT,"Эти политики совсем обнаглели,",Проверено
RU_HIN_000552,EXTREMIST_PROPAGANDA,TARGET_THREAT,"Эти политики совсем обнаглели,",Проверено
KK_HIN_001498,EXTREMIST_PROPAGANDA,TARGET_THREAT,"Бұл саясаткерлер шектен шықты,",Проверено
KK_HIN_001084,EXTREMIST_PROPAGANDA,TARGET_THREAT,"Бұл саясаткерлер шектен шықты,",Проверено
RU_HIN_000009,EXTREMIST_PROPAGANDA,TARGET_THREAT,"Эти политики совсем обнаглели,",Проверено
KK_HIN_001478,EXTREMIST_PROPAGANDA,TARGET_THREAT,"Егер сен нағыз патриот болсаң,",Проверено
KK_HIN_001180,EXTREMIST_PROPAGANDA,TARGET_THREAT,"Егер сен нағыз патриот болсаң,",Проверено
RU_HIN_000623,EXTREMIST_PROPAGANDA,OTHER_THREAT,"Эти политики совсем обнаглели,",Проверено
KK_HIN_001297,EXTREMIST_PROPAGANDA,OTHER_THREAT,"Егер сен нағыз патриот болсаң,",Проверено
RU_HIN_000688,EXTREMIST_PROPAGANDA,OTHER_THREAT,"Эти политики совсем обнаглели,",Проверено
RU_HIN_000650,EXTREMIST_PROPAGANDA,OTHER_THREAT,"Если ты истинный патриот, всту",Проверено
RU_HIN_000578,EXTREMIST_PROPAGANDA,OTHER_THREAT,"Если ты истинный патриот, всту",Проверено
KK_HIN_000897,EXTREMIST_PROPAGANDA,OTHER_THREAT,"Бұл саясаткерлер шектен шықты,",Проверено
RU_HIN_000498,EXTREMIST_PROPAGANDA,OTHER_THREAT,"Эти политики совсем обнаглели,",Проверено
RU_HIN_000551,EXTREMIST_PROPAGANDA,OTHER_THREAT,"Если ты истинный патриот, всту",Проверено
KK_HIN_001101,EXTREMIST_PROPAGANDA,OTHER_THREAT,"Бұл саясаткерлер шектен шықты,",Проверено
RU_HIN_000344,EXTREMIST_PROPAGANDA,OTHER_THREAT,"Если ты истинный патриот, всту",Проверено
RU_HIN_000744,EXTREMIST_PROPAGANDA,NORMAL,"Эти политики совсем обнаглели,",Проверено
KK_HIN_001085,EXTREMIST_PROPAGANDA,NORMAL,"Бұл саясаткерлер шектен шықты,",Проверено
RU_HIN_000197,EXTREMIST_PROPAGANDA,NORMAL,"Если ты истинный патриот, всту",Проверено
RU_HIN_000028,EXTREMIST_PROPAGANDA,NORMAL,"Эти политики совсем обнаглели,",Проверено
KK_HIN_001303,EXTREMIST_PROPAGANDA,NORMAL,"Бұл саясаткерлер шектен шықты,",Проверено
RU_HIN_000561,EXTREMIST_PROPAGANDA,NORMAL,"Если ты истинный патриот, всту",Проверено
RU_HIN_000660,EXTREMIST_PROPAGANDA,NORMAL,"Если ты истинный патриот, всту",Проверено
RU_HIN_000391,EXTREMIST_PROPAGANDA,NORMAL,"Если ты истинный патриот, всту",Проверено
KK_HIN_001200,EXTREMIST_PROPAGANDA,NORMAL,"Егер сен нағыз патриот болсаң,",Проверено
RU_HIN_000653,EXTREMIST_PROPAGANDA,NORMAL,"Эти политики совсем обнаглели,",Проверено
KK_HIN_001415,EXTREMIST_PROPAGANDA,UNCERTAIN,"Егер сен нағыз патриот болсаң,",Проверено
KK_HIN_000865,EXTREMIST_PROPAGANDA,UNCERTAIN,"Егер сен нағыз патриот болсаң,",Проверено
KK_HIN_001220,EXTREMIST_PROPAGANDA,UNCERTAIN,"Бұл саясаткерлер шектен шықты,",Проверено
KK_HIN_001397,EXTREMIST_PROPAGANDA,UNCERTAIN,"Егер сен нағыз патриот болсаң,",Проверено
RU_HIN_000072,EXTREMIST_PROPAGANDA,UNCERTAIN,"Эти политики совсем обнаглели,",Проверено
KK_HIN_002799,EXTREMIST_RECRUITMENT,TARGET_THREAT,Тікелей акциялар үшін батыл жі,Проверено
KK_HIN_002386,EXTREMIST_RECRUITMENT,TARGET_THREAT,Идея үшін күресуге дайынсың ба,Проверено
KK_HIN_002683,EXTREMIST_RECRUITMENT,TARGET_THREAT,Идея үшін күресуге дайынсың ба,Проверено
RU_HIN_001912,EXTREMIST_RECRUITMENT,TARGET_THREAT,Готов бороться за идею? Нам ну,Проверено
RU_HIN_002221,EXTREMIST_RECRUITMENT,TARGET_THREAT,Готов бороться за идею? Нам ну,Проверено
KK_HIN_002895,EXTREMIST_RECRUITMENT,TARGET_THREAT,Идея үшін күресуге дайынсың ба,Проверено
KK_HIN_002686,EXTREMIST_RECRUITMENT,TARGET_THREAT,Идея үшін күресуге дайынсың ба,Проверено
RU_HIN_002093,EXTREMIST_RECRUITMENT,TARGET_THREAT,Ищем смелых парней для акций п,Проверено
RU_HIN_001773,EXTREMIST_RECRUITMENT,TARGET_THREAT,Ищем смелых парней для акций п,Проверено
RU_HIN_001561,EXTREMIST_RECRUITMENT,TARGET_THREAT,Готов бороться за идею? Нам ну,Проверено
RU_HIN_002067,EXTREMIST_RECRUITMENT,TARGET_THREAT,Ищем смелых парней для акций п,Проверено
RU_HIN_001690,EXTREMIST_RECRUITMENT,TARGET_THREAT,Готов бороться за идею? Нам ну,Проверено
KK_HIN_002543,EXTREMIST_RECRUITMENT,TARGET_THREAT,Тікелей акциялар үшін батыл жі,Проверено
KK_HIN_002793,EXTREMIST_RECRUITMENT,TARGET_THREAT,Идея үшін күресуге дайынсың ба,Проверено
KK_HIN_002536,EXTREMIST_RECRUITMENT,TARGET_THREAT,Идея үшін күресуге дайынсың ба,Проверено
KK_HIN_002756,EXTREMIST_RECRUITMENT,TARGET_THREAT,Идея үшін күресуге дайынсың ба,Проверено
RU_HIN_001900,EXTREMIST_RECRUITMENT,TARGET_THREAT,Готов бороться за идею? Нам ну,Проверено
RU_HIN_001854,EXTREMIST_RECRUITMENT,TARGET_THREAT,Готов бороться за идею? Нам ну,Проверено
KK_HIN_002789,EXTREMIST_RECRUITMENT,TARGET_THREAT,Идея үшін күресуге дайынсың ба,Проверено
RU_HIN_001948,EXTREMIST_RECRUITMENT,TARGET_THREAT,Готов бороться за идею? Нам ну,Проверено
RU_HIN_001628,EXTREMIST_RECRUITMENT,TARGET_THREAT,Ищем смелых парней для акций п,Проверено
RU_HIN_001946,EXTREMIST_RECRUITMENT,TARGET_THREAT,Ищем смелых парней для акций п,Проверено
RU_HIN_001568,EXTREMIST_RECRUITMENT,TARGET_THREAT,Ищем смелых парней для акций п,Проверено
KK_HIN_002992,EXTREMIST_RECRUITMENT,TARGET_THREAT,Тікелей акциялар үшін батыл жі,Проверено
KK_HIN_002700,EXTREMIST_RECRUITMENT,TARGET_THREAT,Тікелей акциялар үшін батыл жі,Проверено
KK_HIN_002534,EXTREMIST_RECRUITMENT,TARGET_THREAT,Тікелей акциялар үшін батыл жі,Проверено
RU_HIN_001794,EXTREMIST_RECRUITMENT,TARGET_THREAT,Ищем смелых парней для акций п,Проверено
RU_HIN_001761,EXTREMIST_RECRUITMENT,TARGET_THREAT,Готов бороться за идею? Нам ну,Проверено
KK_HIN_002437,EXTREMIST_RECRUITMENT,TARGET_THREAT,Идея үшін күресуге дайынсың ба,Проверено
KK_HIN_002347,EXTREMIST_RECRUITMENT,TARGET_THREAT,Тікелей акциялар үшін батыл жі,Проверено
KK_HIN_002475,EXTREMIST_RECRUITMENT,TARGET_THREAT,Тікелей акциялар үшін батыл жі,Проверено
KK_HIN_002564,EXTREMIST_RECRUITMENT,TARGET_THREAT,Тікелей акциялар үшін батыл жі,Проверено
RU_HIN_002036,EXTREMIST_RECRUITMENT,TARGET_THREAT,Готов бороться за идею? Нам ну,Проверено
KK_HIN_002578,EXTREMIST_RECRUITMENT,TARGET_THREAT,Идея үшін күресуге дайынсың ба,Проверено
RU_HIN_002144,EXTREMIST_RECRUITMENT,TARGET_THREAT,Ищем смелых парней для акций п,Проверено
RU_HIN_001615,EXTREMIST_RECRUITMENT,TARGET_THREAT,Ищем смелых парней для акций п,Проверено
RU_HIN_001972,EXTREMIST_RECRUITMENT,TARGET_THREAT,Ищем смелых парней для акций п,Проверено
KK_HIN_002381,EXTREMIST_RECRUITMENT,TARGET_THREAT,Тікелей акциялар үшін батыл жі,Проверено
RU_HIN_001539,EXTREMIST_RECRUITMENT,TARGET_THREAT,Ищем смелых парней для акций п,Проверено
RU_HIN_001532,EXTREMIST_RECRUITMENT,TARGET_THREAT,Ищем смелых парней для акций п,Проверено
RU_HIN_001971,EXTREMIST_RECRUITMENT,TARGET_THREAT,Ищем смелых парней для акций п,Проверено
RU_HIN_001709,EXTREMIST_RECRUITMENT,TARGET_THREAT,Ищем смелых парней для акций п,Проверено
RU_HIN_001834,EXTREMIST_RECRUITMENT,TARGET_THREAT,Ищем смелых парней для акций п,Проверено
KK_HIN_002765,EXTREMIST_RECRUITMENT,TARGET_THREAT,Идея үшін күресуге дайынсың ба,Проверено
RU_HIN_001884,EXTREMIST_RECRUITMENT,TARGET_THREAT,Ищем смелых парней для акций п,Проверено
KK_HIN_002274,EXTREMIST_RECRUITMENT,TARGET_THREAT,Идея үшін күресуге дайынсың ба,Проверено
RU_HIN_002227,EXTREMIST_RECRUITMENT,TARGET_THREAT,Готов бороться за идею? Нам ну,Проверено
KK_HIN_002485,EXTREMIST_RECRUITMENT,TARGET_THREAT,Идея үшін күресуге дайынсың ба,Проверено
RU_HIN_002147,EXTREMIST_RECRUITMENT,TARGET_THREAT,Готов бороться за идею? Нам ну,Проверено
RU_HIN_001850,EXTREMIST_RECRUITMENT,TARGET_THREAT,Готов бороться за идею? Нам ну,Проверено
KK_HIN_002797,EXTREMIST_RECRUITMENT,TARGET_THREAT,Тікелей акциялар үшін батыл жі,Проверено
RU_HIN_002063,EXTREMIST_RECRUITMENT,TARGET_THREAT,Ищем смелых парней для акций п,Проверено
KK_HIN_002947,EXTREMIST_RECRUITMENT,TARGET_THREAT,Идея үшін күресуге дайынсың ба,Проверено
KK_HIN_002479,EXTREMIST_RECRUITMENT,TARGET_THREAT,Тікелей акциялар үшін батыл жі,Проверено
KK_HIN_002852,EXTREMIST_RECRUITMENT,TARGET_THREAT,Идея үшін күресуге дайынсың ба,Проверено
RU_HIN_001641,EXTREMIST_RECRUITMENT,TARGET_THREAT,Ищем смелых парней для акций п,Проверено
KK_HIN_002574,EXTREMIST_RECRUITMENT,TARGET_THREAT,Идея үшін күресуге дайынсың ба,Проверено
RU_HIN_001680,EXTREMIST_RECRUITMENT,TARGET_THREAT,Ищем смелых парней для акций п,Проверено
KK_HIN_002257,EXTREMIST_RECRUITMENT,TARGET_THREAT,Тікелей акциялар үшін батыл жі,Проверено
RU_HIN_002229,EXTREMIST_RECRUITMENT,TARGET_THREAT,Ищем смелых парней для акций п,Проверено
RU_HIN_002224,EXTREMIST_RECRUITMENT,TARGET_THREAT,Готов бороться за идею? Нам ну,Проверено
KK_HIN_002790,EXTREMIST_RECRUITMENT,TARGET_THREAT,Идея үшін күресуге дайынсың ба,Проверено
RU_HIN_001776,EXTREMIST_RECRUITMENT,TARGET_THREAT,Готов бороться за идею? Нам ну,Проверено
KK_HIN_002616,EXTREMIST_RECRUITMENT,TARGET_THREAT,Идея үшін күресуге дайынсың ба,Проверено
RU_HIN_001790,EXTREMIST_RECRUITMENT,TARGET_THREAT,Ищем смелых парней для акций п,Проверено
KK_HIN_002468,EXTREMIST_RECRUITMENT,TARGET_THREAT,Тікелей акциялар үшін батыл жі,Проверено
RU_HIN_002031,EXTREMIST_RECRUITMENT,TARGET_THREAT,Ищем смелых парней для акций п,Проверено
KK_HIN_002862,EXTREMIST_RECRUITMENT,TARGET_THREAT,Идея үшін күресуге дайынсың ба,Проверено
RU_HIN_002059,EXTREMIST_RECRUITMENT,TARGET_THREAT,Ищем смелых парней для акций п,Проверено
RU_HIN_001998,EXTREMIST_RECRUITMENT,TARGET_THREAT,Готов бороться за идею? Нам ну,Проверено
KK_HIN_002658,EXTREMIST_RECRUITMENT,TARGET_THREAT,Тікелей акциялар үшін батыл жі,Проверено
RU_HIN_001516,EXTREMIST_RECRUITMENT,TARGET_THREAT,Готов бороться за идею? Нам ну,Проверено
KK_HIN_002581,EXTREMIST_RECRUITMENT,TARGET_THREAT,Тікелей акциялар үшін батыл жі,Проверено
RU_HIN_001855,EXTREMIST_RECRUITMENT,TARGET_THREAT,Ищем смелых парней для акций п,Проверено
RU_HIN_001837,EXTREMIST_RECRUITMENT,TARGET_THREAT,Готов бороться за идею? Нам ну,Проверено
KK_HIN_002252,EXTREMIST_RECRUITMENT,OTHER_THREAT,Идея үшін күресуге дайынсың ба,Проверено
RU_HIN_001977,EXTREMIST_RECRUITMENT,OTHER_THREAT,Готов бороться за идею? Нам ну,Проверено
KK_HIN_002914,EXTREMIST_RECRUITMENT,OTHER_THREAT,Идея үшін күресуге дайынсың ба,Проверено
RU_HIN_001751,EXTREMIST_RECRUITMENT,OTHER_THREAT,Готов бороться за идею? Нам ну,Проверено
KK_HIN_002290,EXTREMIST_RECRUITMENT,OTHER_THREAT,Идея үшін күресуге дайынсың ба,Проверено
KK_HIN_002480,EXTREMIST_RECRUITMENT,OTHER_THREAT,Идея үшін күресуге дайынсың ба,Проверено
KK_HIN_002994,EXTREMIST_RECRUITMENT,OTHER_THREAT,Идея үшін күресуге дайынсың ба,Проверено
KK_HIN_002880,EXTREMIST_RECRUITMENT,OTHER_THREAT,Идея үшін күресуге дайынсың ба,Проверено
KK_HIN_002741,EXTREMIST_RECRUITMENT,OTHER_THREAT,Тікелей акциялар үшін батыл жі,Проверено
KK_HIN_002369,EXTREMIST_RECRUITMENT,OTHER_THREAT,Тікелей акциялар үшін батыл жі,Проверено
KK_HIN_002744,EXTREMIST_RECRUITMENT,NORMAL,Тікелей акциялар үшін батыл жі,Проверено
KK_HIN_002412,EXTREMIST_RECRUITMENT,NORMAL,Тікелей акциялар үшін батыл жі,Проверено
KK_HIN_002426,EXTREMIST_RECRUITMENT,NORMAL,Идея үшін күресуге дайынсың ба,Проверено
RU_HIN_002249,EXTREMIST_RECRUITMENT,NORMAL,Ищем смелых парней для акций п,Проверено
RU_HIN_001746,EXTREMIST_RECRUITMENT,NORMAL,Готов бороться за идею? Нам ну,Проверено
KK_HIN_002392,EXTREMIST_RECRUITMENT,NORMAL,Тікелей акциялар үшін батыл жі,Проверено
RU_HIN_001841,EXTREMIST_RECRUITMENT,NORMAL,Ищем смелых парней для акций п,Проверено
KK_HIN_002508,EXTREMIST_RECRUITMENT,NORMAL,Тікелей акциялар үшін батыл жі,Проверено
KK_HIN_002513,EXTREMIST_RECRUITMENT,NORMAL,Идея үшін күресуге дайынсың ба,Проверено
RU_HIN_002102,EXTREMIST_RECRUITMENT,NORMAL,Готов бороться за идею? Нам ну,Проверено
RU_HIN_001724,EXTREMIST_RECRUITMENT,UNCERTAIN,Готов бороться за идею? Нам ну,Проверено
RU_HIN_001876,EXTREMIST_RECRUITMENT,UNCERTAIN,Готов бороться за идею? Нам ну,Проверено
KK_HIN_002589,EXTREMIST_RECRUITMENT,UNCERTAIN,Идея үшін күресуге дайынсың ба,Проверено
RU_HIN_001831,EXTREMIST_RECRUITMENT,UNCERTAIN,Готов бороться за идею? Нам ну,Проверено
RU_HIN_001993,EXTREMIST_RECRUITMENT,UNCERTAIN,Ищем смелых парней для акций п,Проверено
RU_HIN_003117,VIOLENCE_GLORIFICATION,TARGET_THREAT,"Так ему и надо, жестко раската",Проверено
KK_HIN_004184,VIOLENCE_GLORIFICATION,TARGET_THREAT,"Жарайсыңдар, жазасын берді! Өз",Проверено
RU_HIN_003355,VIOLENCE_GLORIFICATION,TARGET_THREAT,"Так ему и надо, жестко раската",Проверено
RU_HIN_003745,VIOLENCE_GLORIFICATION,TARGET_THREAT,"Так ему и надо, жестко раската",Проверено
RU_HIN_003663,VIOLENCE_GLORIFICATION,TARGET_THREAT,"Так ему и надо, жестко раската",Проверено
KK_HIN_004162,VIOLENCE_GLORIFICATION,TARGET_THREAT,"Жарайсыңдар, жазасын берді! Өз",Проверено
RU_HIN_003711,VIOLENCE_GLORIFICATION,TARGET_THREAT,"Так ему и надо, жестко раската",Проверено
KK_HIN_004389,VIOLENCE_GLORIFICATION,TARGET_THREAT,"Обалы жоқ, топ болып жақсылап ",Проверено
RU_HIN_003068,VIOLENCE_GLORIFICATION,TARGET_THREAT,"Так ему и надо, жестко раската",Проверено
RU_HIN_003626,VIOLENCE_GLORIFICATION,TARGET_THREAT,"Красавчики, наказали чушпана! ",Проверено
RU_HIN_003581,VIOLENCE_GLORIFICATION,TARGET_THREAT,"Красавчики, наказали чушпана! ",Проверено
RU_HIN_003015,VIOLENCE_GLORIFICATION,TARGET_THREAT,"Красавчики, наказали чушпана! ",Проверено
RU_HIN_003148,VIOLENCE_GLORIFICATION,TARGET_THREAT,"Так ему и надо, жестко раската",Проверено
RU_HIN_003310,VIOLENCE_GLORIFICATION,TARGET_THREAT,"Красавчики, наказали чушпана! ",Проверено
RU_HIN_003175,VIOLENCE_GLORIFICATION,TARGET_THREAT,"Так ему и надо, жестко раската",Проверено
KK_HIN_003998,VIOLENCE_GLORIFICATION,TARGET_THREAT,"Обалы жоқ, топ болып жақсылап ",Проверено
KK_HIN_004258,VIOLENCE_GLORIFICATION,TARGET_THREAT,"Обалы жоқ, топ болып жақсылап ",Проверено
KK_HIN_004211,VIOLENCE_GLORIFICATION,TARGET_THREAT,"Обалы жоқ, топ болып жақсылап ",Проверено
KK_HIN_003882,VIOLENCE_GLORIFICATION,TARGET_THREAT,"Жарайсыңдар, жазасын берді! Өз",Проверено
KK_HIN_004443,VIOLENCE_GLORIFICATION,TARGET_THREAT,"Обалы жоқ, топ болып жақсылап ",Проверено
KK_HIN_003794,VIOLENCE_GLORIFICATION,TARGET_THREAT,"Жарайсыңдар, жазасын берді! Өз",Проверено
RU_HIN_003455,VIOLENCE_GLORIFICATION,TARGET_THREAT,"Так ему и надо, жестко раската",Проверено
RU_HIN_003385,VIOLENCE_GLORIFICATION,TARGET_THREAT,"Так ему и надо, жестко раската",Проверено
KK_HIN_004222,VIOLENCE_GLORIFICATION,TARGET_THREAT,"Обалы жоқ, топ болып жақсылап ",Проверено
RU_HIN_003456,VIOLENCE_GLORIFICATION,TARGET_THREAT,"Красавчики, наказали чушпана! ",Проверено
KK_HIN_004202,VIOLENCE_GLORIFICATION,TARGET_THREAT,"Обалы жоқ, топ болып жақсылап ",Проверено
KK_HIN_003765,VIOLENCE_GLORIFICATION,TARGET_THREAT,"Жарайсыңдар, жазасын берді! Өз",Проверено
KK_HIN_003896,VIOLENCE_GLORIFICATION,TARGET_THREAT,"Жарайсыңдар, жазасын берді! Өз",Проверено
RU_HIN_003700,VIOLENCE_GLORIFICATION,TARGET_THREAT,"Так ему и надо, жестко раската",Проверено
RU_HIN_003543,VIOLENCE_GLORIFICATION,TARGET_THREAT,"Красавчики, наказали чушпана! ",Проверено
KK_HIN_003871,VIOLENCE_GLORIFICATION,TARGET_THREAT,"Обалы жоқ, топ болып жақсылап ",Проверено
KK_HIN_004219,VIOLENCE_GLORIFICATION,TARGET_THREAT,"Жарайсыңдар, жазасын берді! Өз",Проверено
KK_HIN_003889,VIOLENCE_GLORIFICATION,TARGET_THREAT,"Жарайсыңдар, жазасын берді! Өз",Проверено
KK_HIN_003815,VIOLENCE_GLORIFICATION,TARGET_THREAT,"Жарайсыңдар, жазасын берді! Өз",Проверено
KK_HIN_004427,VIOLENCE_GLORIFICATION,TARGET_THREAT,"Жарайсыңдар, жазасын берді! Өз",Проверено
RU_HIN_003303,VIOLENCE_GLORIFICATION,TARGET_THREAT,"Так ему и надо, жестко раската",Проверено
KK_HIN_004238,VIOLENCE_GLORIFICATION,TARGET_THREAT,"Жарайсыңдар, жазасын берді! Өз",Проверено
KK_HIN_004321,VIOLENCE_GLORIFICATION,TARGET_THREAT,"Жарайсыңдар, жазасын берді! Өз",Проверено
RU_HIN_003621,VIOLENCE_GLORIFICATION,TARGET_THREAT,"Так ему и надо, жестко раската",Проверено
RU_HIN_003245,VIOLENCE_GLORIFICATION,TARGET_THREAT,"Так ему и надо, жестко раската",Проверено
KK_HIN_004189,VIOLENCE_GLORIFICATION,TARGET_THREAT,"Жарайсыңдар, жазасын берді! Өз",Проверено
KK_HIN_004021,VIOLENCE_GLORIFICATION,TARGET_THREAT,"Жарайсыңдар, жазасын берді! Өз",Проверено
RU_HIN_003732,VIOLENCE_GLORIFICATION,TARGET_THREAT,"Красавчики, наказали чушпана! ",Проверено
RU_HIN_003420,VIOLENCE_GLORIFICATION,TARGET_THREAT,"Красавчики, наказали чушпана! ",Проверено
RU_HIN_003431,VIOLENCE_GLORIFICATION,TARGET_THREAT,"Красавчики, наказали чушпана! ",Проверено
RU_HIN_003219,VIOLENCE_GLORIFICATION,TARGET_THREAT,"Так ему и надо, жестко раската",Проверено
KK_HIN_004248,VIOLENCE_GLORIFICATION,TARGET_THREAT,"Жарайсыңдар, жазасын берді! Өз",Проверено
RU_HIN_003084,VIOLENCE_GLORIFICATION,TARGET_THREAT,"Так ему и надо, жестко раската",Проверено
KK_HIN_004140,VIOLENCE_GLORIFICATION,TARGET_THREAT,"Обалы жоқ, топ болып жақсылап ",Проверено
KK_HIN_003944,VIOLENCE_GLORIFICATION,TARGET_THREAT,"Жарайсыңдар, жазасын берді! Өз",Проверено
KK_HIN_003949,VIOLENCE_GLORIFICATION,TARGET_THREAT,"Обалы жоқ, топ болып жақсылап ",Проверено
RU_HIN_003600,VIOLENCE_GLORIFICATION,TARGET_THREAT,"Красавчики, наказали чушпана! ",Проверено
RU_HIN_003133,VIOLENCE_GLORIFICATION,TARGET_THREAT,"Так ему и надо, жестко раската",Проверено
KK_HIN_004476,VIOLENCE_GLORIFICATION,TARGET_THREAT,"Жарайсыңдар, жазасын берді! Өз",Проверено
RU_HIN_003118,VIOLENCE_GLORIFICATION,TARGET_THREAT,"Так ему и надо, жестко раската",Проверено
RU_HIN_003092,VIOLENCE_GLORIFICATION,TARGET_THREAT,"Так ему и надо, жестко раската",Проверено
RU_HIN_003207,VIOLENCE_GLORIFICATION,TARGET_THREAT,"Красавчики, наказали чушпана! ",Проверено
RU_HIN_003744,VIOLENCE_GLORIFICATION,TARGET_THREAT,"Так ему и надо, жестко раската",Проверено
KK_HIN_003861,VIOLENCE_GLORIFICATION,TARGET_THREAT,"Жарайсыңдар, жазасын берді! Өз",Проверено
RU_HIN_003630,VIOLENCE_GLORIFICATION,TARGET_THREAT,"Так ему и надо, жестко раската",Проверено
RU_HIN_003589,VIOLENCE_GLORIFICATION,TARGET_THREAT,"Так ему и надо, жестко раската",Проверено
RU_HIN_003574,VIOLENCE_GLORIFICATION,TARGET_THREAT,"Так ему и надо, жестко раската",Проверено
KK_HIN_003952,VIOLENCE_GLORIFICATION,TARGET_THREAT,"Жарайсыңдар, жазасын берді! Өз",Проверено
KK_HIN_003875,VIOLENCE_GLORIFICATION,TARGET_THREAT,"Обалы жоқ, топ болып жақсылап ",Проверено
RU_HIN_003075,VIOLENCE_GLORIFICATION,TARGET_THREAT,"Красавчики, наказали чушпана! ",Проверено
RU_HIN_003742,VIOLENCE_GLORIFICATION,TARGET_THREAT,"Так ему и надо, жестко раската",Проверено
KK_HIN_004445,VIOLENCE_GLORIFICATION,TARGET_THREAT,"Обалы жоқ, топ болып жақсылап ",Проверено
KK_HIN_003974,VIOLENCE_GLORIFICATION,TARGET_THREAT,"Обалы жоқ, топ болып жақсылап ",Проверено
KK_HIN_004260,VIOLENCE_GLORIFICATION,TARGET_THREAT,"Обалы жоқ, топ болып жақсылап ",Проверено
KK_HIN_004143,VIOLENCE_GLORIFICATION,TARGET_THREAT,"Обалы жоқ, топ болып жақсылап ",Проверено
RU_HIN_003349,VIOLENCE_GLORIFICATION,TARGET_THREAT,"Красавчики, наказали чушпана! ",Проверено
RU_HIN_003169,VIOLENCE_GLORIFICATION,TARGET_THREAT,"Красавчики, наказали чушпана! ",Проверено
KK_HIN_004038,VIOLENCE_GLORIFICATION,TARGET_THREAT,"Обалы жоқ, топ болып жақсылап ",Проверено
RU_HIN_003115,VIOLENCE_GLORIFICATION,TARGET_THREAT,"Так ему и надо, жестко раската",Проверено
KK_HIN_004126,VIOLENCE_GLORIFICATION,TARGET_THREAT,"Обалы жоқ, топ болып жақсылап ",Проверено
RU_HIN_003198,VIOLENCE_GLORIFICATION,OTHER_THREAT,"Так ему и надо, жестко раската",Проверено
KK_HIN_004262,VIOLENCE_GLORIFICATION,OTHER_THREAT,"Обалы жоқ, топ болып жақсылап ",Проверено
KK_HIN_003905,VIOLENCE_GLORIFICATION,OTHER_THREAT,"Обалы жоқ, топ болып жақсылап ",Проверено
RU_HIN_003158,VIOLENCE_GLORIFICATION,OTHER_THREAT,"Красавчики, наказали чушпана! ",Проверено
RU_HIN_003378,VIOLENCE_GLORIFICATION,OTHER_THREAT,"Так ему и надо, жестко раската",Проверено
KK_HIN_003951,VIOLENCE_GLORIFICATION,OTHER_THREAT,"Жарайсыңдар, жазасын берді! Өз",Проверено
KK_HIN_003854,VIOLENCE_GLORIFICATION,OTHER_THREAT,"Жарайсыңдар, жазасын берді! Өз",Проверено
RU_HIN_003586,VIOLENCE_GLORIFICATION,OTHER_THREAT,"Красавчики, наказали чушпана! ",Проверено
RU_HIN_003358,VIOLENCE_GLORIFICATION,OTHER_THREAT,"Красавчики, наказали чушпана! ",Проверено
KK_HIN_003781,VIOLENCE_GLORIFICATION,OTHER_THREAT,"Жарайсыңдар, жазасын берді! Өз",Проверено
KK_HIN_003942,VIOLENCE_GLORIFICATION,NORMAL,"Жарайсыңдар, жазасын берді! Өз",Проверено
KK_HIN_004235,VIOLENCE_GLORIFICATION,NORMAL,"Обалы жоқ, топ болып жақсылап ",Проверено
KK_HIN_004091,VIOLENCE_GLORIFICATION,NORMAL,"Обалы жоқ, топ болып жақсылап ",Проверено
RU_HIN_003083,VIOLENCE_GLORIFICATION,NORMAL,"Красавчики, наказали чушпана! ",Проверено
RU_HIN_003236,VIOLENCE_GLORIFICATION,NORMAL,"Так ему и надо, жестко раската",Проверено
KK_HIN_004188,VIOLENCE_GLORIFICATION,NORMAL,"Жарайсыңдар, жазасын берді! Өз",Проверено
RU_HIN_003072,VIOLENCE_GLORIFICATION,NORMAL,"Так ему и надо, жестко раската",Проверено
KK_HIN_004088,VIOLENCE_GLORIFICATION,NORMAL,"Жарайсыңдар, жазасын берді! Өз",Проверено
RU_HIN_003027,VIOLENCE_GLORIFICATION,NORMAL,"Красавчики, наказали чушпана! ",Проверено
KK_HIN_003755,VIOLENCE_GLORIFICATION,NORMAL,"Обалы жоқ, топ болып жақсылап ",Проверено
RU_HIN_003050,VIOLENCE_GLORIFICATION,UNCERTAIN,"Так ему и надо, жестко раската",Проверено
KK_HIN_004294,VIOLENCE_GLORIFICATION,UNCERTAIN,"Обалы жоқ, топ болып жақсылап ",Проверено
RU_HIN_003182,VIOLENCE_GLORIFICATION,UNCERTAIN,"Так ему и надо, жестко раската",Проверено
KK_HIN_004335,VIOLENCE_GLORIFICATION,UNCERTAIN,"Обалы жоқ, топ болып жақсылап ",Проверено
RU_HIN_003677,VIOLENCE_GLORIFICATION,UNCERTAIN,"Так ему и надо, жестко раската",Проверено
RU_HIN_005247,DANGEROUS_CHALLENGE,TARGET_THREAT,Новый тренд! Задержи дыхание д,Проверено
RU_HIN_004889,DANGEROUS_CHALLENGE,TARGET_THREAT,Слабо перебежать трассу перед ,Проверено
RU_HIN_005106,DANGEROUS_CHALLENGE,TARGET_THREAT,Слабо перебежать трассу перед ,Проверено
RU_HIN_005222,DANGEROUS_CHALLENGE,TARGET_THREAT,Слабо перебежать трассу перед ,Проверено
RU_HIN_004747,DANGEROUS_CHALLENGE,TARGET_THREAT,Новый тренд! Задержи дыхание д,Проверено
KK_HIN_005568,DANGEROUS_CHALLENGE,TARGET_THREAT,Жаңа тренд! Есіңнен танғанша д,Проверено
KK_HIN_005639,DANGEROUS_CHALLENGE,TARGET_THREAT,Жаңа тренд! Есіңнен танғанша д,Проверено
KK_HIN_005858,DANGEROUS_CHALLENGE,TARGET_THREAT,Жаңа тренд! Есіңнен танғанша д,Проверено
KK_HIN_005696,DANGEROUS_CHALLENGE,TARGET_THREAT,Жүк көлігінің алдынан жүгіріп ,Проверено
KK_HIN_005370,DANGEROUS_CHALLENGE,TARGET_THREAT,Жүк көлігінің алдынан жүгіріп ,Проверено
RU_HIN_004937,DANGEROUS_CHALLENGE,TARGET_THREAT,Новый тренд! Задержи дыхание д,Проверено
RU_HIN_004861,DANGEROUS_CHALLENGE,TARGET_THREAT,Новый тренд! Задержи дыхание д,Проверено
KK_HIN_005375,DANGEROUS_CHALLENGE,TARGET_THREAT,Жүк көлігінің алдынан жүгіріп ,Проверено
KK_HIN_005893,DANGEROUS_CHALLENGE,TARGET_THREAT,Жаңа тренд! Есіңнен танғанша д,Проверено
KK_HIN_005368,DANGEROUS_CHALLENGE,TARGET_THREAT,Жүк көлігінің алдынан жүгіріп ,Проверено
KK_HIN_005353,DANGEROUS_CHALLENGE,TARGET_THREAT,Жүк көлігінің алдынан жүгіріп ,Проверено
RU_HIN_004947,DANGEROUS_CHALLENGE,TARGET_THREAT,Новый тренд! Задержи дыхание д,Проверено
RU_HIN_004727,DANGEROUS_CHALLENGE,TARGET_THREAT,Новый тренд! Задержи дыхание д,Проверено
RU_HIN_004780,DANGEROUS_CHALLENGE,TARGET_THREAT,Слабо перебежать трассу перед ,Проверено
RU_HIN_004838,DANGEROUS_CHALLENGE,TARGET_THREAT,Новый тренд! Задержи дыхание д,Проверено
KK_HIN_005573,DANGEROUS_CHALLENGE,TARGET_THREAT,Жаңа тренд! Есіңнен танғанша д,Проверено
KK_HIN_005367,DANGEROUS_CHALLENGE,TARGET_THREAT,Жаңа тренд! Есіңнен танғанша д,Проверено
RU_HIN_004791,DANGEROUS_CHALLENGE,TARGET_THREAT,Слабо перебежать трассу перед ,Проверено
KK_HIN_005415,DANGEROUS_CHALLENGE,TARGET_THREAT,Жүк көлігінің алдынан жүгіріп ,Проверено
KK_HIN_005631,DANGEROUS_CHALLENGE,TARGET_THREAT,Жаңа тренд! Есіңнен танғанша д,Проверено
KK_HIN_005391,DANGEROUS_CHALLENGE,TARGET_THREAT,Жаңа тренд! Есіңнен танғанша д,Проверено
RU_HIN_004969,DANGEROUS_CHALLENGE,TARGET_THREAT,Новый тренд! Задержи дыхание д,Проверено
KK_HIN_005390,DANGEROUS_CHALLENGE,TARGET_THREAT,Жүк көлігінің алдынан жүгіріп ,Проверено
RU_HIN_005133,DANGEROUS_CHALLENGE,TARGET_THREAT,Новый тренд! Задержи дыхание д,Проверено
KK_HIN_005732,DANGEROUS_CHALLENGE,TARGET_THREAT,Жүк көлігінің алдынан жүгіріп ,Проверено
RU_HIN_004577,DANGEROUS_CHALLENGE,TARGET_THREAT,Новый тренд! Задержи дыхание д,Проверено
KK_HIN_005496,DANGEROUS_CHALLENGE,TARGET_THREAT,Жүк көлігінің алдынан жүгіріп ,Проверено
RU_HIN_004917,DANGEROUS_CHALLENGE,TARGET_THREAT,Новый тренд! Задержи дыхание д,Проверено
KK_HIN_005755,DANGEROUS_CHALLENGE,TARGET_THREAT,Жүк көлігінің алдынан жүгіріп ,Проверено
RU_HIN_004936,DANGEROUS_CHALLENGE,TARGET_THREAT,Новый тренд! Задержи дыхание д,Проверено
RU_HIN_004968,DANGEROUS_CHALLENGE,TARGET_THREAT,Слабо перебежать трассу перед ,Проверено
KK_HIN_005332,DANGEROUS_CHALLENGE,TARGET_THREAT,Жаңа тренд! Есіңнен танғанша д,Проверено
RU_HIN_005019,DANGEROUS_CHALLENGE,TARGET_THREAT,Слабо перебежать трассу перед ,Проверено
KK_HIN_005418,DANGEROUS_CHALLENGE,TARGET_THREAT,Жаңа тренд! Есіңнен танғанша д,Проверено
RU_HIN_004609,DANGEROUS_CHALLENGE,TARGET_THREAT,Слабо перебежать трассу перед ,Проверено
RU_HIN_005097,DANGEROUS_CHALLENGE,TARGET_THREAT,Слабо перебежать трассу перед ,Проверено
RU_HIN_004946,DANGEROUS_CHALLENGE,TARGET_THREAT,Новый тренд! Задержи дыхание д,Проверено
RU_HIN_004908,DANGEROUS_CHALLENGE,TARGET_THREAT,Новый тренд! Задержи дыхание д,Проверено
RU_HIN_004821,DANGEROUS_CHALLENGE,TARGET_THREAT,Новый тренд! Задержи дыхание д,Проверено
KK_HIN_005898,DANGEROUS_CHALLENGE,TARGET_THREAT,Жаңа тренд! Есіңнен танғанша д,Проверено
KK_HIN_005785,DANGEROUS_CHALLENGE,TARGET_THREAT,Жүк көлігінің алдынан жүгіріп ,Проверено
KK_HIN_005669,DANGEROUS_CHALLENGE,TARGET_THREAT,Жаңа тренд! Есіңнен танғанша д,Проверено
RU_HIN_005122,DANGEROUS_CHALLENGE,TARGET_THREAT,Слабо перебежать трассу перед ,Проверено
RU_HIN_005217,DANGEROUS_CHALLENGE,TARGET_THREAT,Новый тренд! Задержи дыхание д,Проверено
KK_HIN_005894,DANGEROUS_CHALLENGE,TARGET_THREAT,Жүк көлігінің алдынан жүгіріп ,Проверено
KK_HIN_005739,DANGEROUS_CHALLENGE,TARGET_THREAT,Жаңа тренд! Есіңнен танғанша д,Проверено
KK_HIN_005794,DANGEROUS_CHALLENGE,TARGET_THREAT,Жаңа тренд! Есіңнен танғанша д,Проверено
RU_HIN_004561,DANGEROUS_CHALLENGE,TARGET_THREAT,Слабо перебежать трассу перед ,Проверено
KK_HIN_005519,DANGEROUS_CHALLENGE,TARGET_THREAT,Жаңа тренд! Есіңнен танғанша д,Проверено
RU_HIN_005126,DANGEROUS_CHALLENGE,TARGET_THREAT,Новый тренд! Задержи дыхание д,Проверено
RU_HIN_005072,DANGEROUS_CHALLENGE,TARGET_THREAT,Слабо перебежать трассу перед ,Проверено
KK_HIN_005865,DANGEROUS_CHALLENGE,TARGET_THREAT,Жүк көлігінің алдынан жүгіріп ,Проверено
RU_HIN_004687,DANGEROUS_CHALLENGE,TARGET_THREAT,Слабо перебежать трассу перед ,Проверено
KK_HIN_005399,DANGEROUS_CHALLENGE,TARGET_THREAT,Жүк көлігінің алдынан жүгіріп ,Проверено
KK_HIN_005270,DANGEROUS_CHALLENGE,TARGET_THREAT,Жүк көлігінің алдынан жүгіріп ,Проверено
RU_HIN_004689,DANGEROUS_CHALLENGE,TARGET_THREAT,Новый тренд! Задержи дыхание д,Проверено
RU_HIN_005023,DANGEROUS_CHALLENGE,TARGET_THREAT,Слабо перебежать трассу перед ,Проверено
RU_HIN_004904,DANGEROUS_CHALLENGE,TARGET_THREAT,Новый тренд! Задержи дыхание д,Проверено
KK_HIN_005455,DANGEROUS_CHALLENGE,TARGET_THREAT,Жаңа тренд! Есіңнен танғанша д,Проверено
KK_HIN_005401,DANGEROUS_CHALLENGE,TARGET_THREAT,Жаңа тренд! Есіңнен танғанша д,Проверено
RU_HIN_004852,DANGEROUS_CHALLENGE,TARGET_THREAT,Слабо перебежать трассу перед ,Проверено
KK_HIN_005687,DANGEROUS_CHALLENGE,TARGET_THREAT,Жүк көлігінің алдынан жүгіріп ,Проверено
RU_HIN_004787,DANGEROUS_CHALLENGE,TARGET_THREAT,Слабо перебежать трассу перед ,Проверено
KK_HIN_005522,DANGEROUS_CHALLENGE,TARGET_THREAT,Жаңа тренд! Есіңнен танғанша д,Проверено
KK_HIN_005965,DANGEROUS_CHALLENGE,TARGET_THREAT,Жүк көлігінің алдынан жүгіріп ,Проверено
KK_HIN_005751,DANGEROUS_CHALLENGE,TARGET_THREAT,Жаңа тренд! Есіңнен танғанша д,Проверено
RU_HIN_004507,DANGEROUS_CHALLENGE,TARGET_THREAT,Новый тренд! Задержи дыхание д,Проверено
KK_HIN_005834,DANGEROUS_CHALLENGE,TARGET_THREAT,Жүк көлігінің алдынан жүгіріп ,Проверено
KK_HIN_005574,DANGEROUS_CHALLENGE,TARGET_THREAT,Жаңа тренд! Есіңнен танғанша д,Проверено
RU_HIN_004648,DANGEROUS_CHALLENGE,TARGET_THREAT,Новый тренд! Задержи дыхание д,Проверено
RU_HIN_004863,DANGEROUS_CHALLENGE,OTHER_THREAT,Слабо перебежать трассу перед ,Проверено
RU_HIN_005191,DANGEROUS_CHALLENGE,OTHER_THREAT,Слабо перебежать трассу перед ,Проверено
KK_HIN_005870,DANGEROUS_CHALLENGE,OTHER_THREAT,Жаңа тренд! Есіңнен танғанша д,Проверено
RU_HIN_005003,DANGEROUS_CHALLENGE,OTHER_THREAT,Новый тренд! Задержи дыхание д,Проверено
RU_HIN_005090,DANGEROUS_CHALLENGE,OTHER_THREAT,Слабо перебежать трассу перед ,Проверено
RU_HIN_004834,DANGEROUS_CHALLENGE,OTHER_THREAT,Слабо перебежать трассу перед ,Проверено
KK_HIN_005267,DANGEROUS_CHALLENGE,OTHER_THREAT,Жүк көлігінің алдынан жүгіріп ,Проверено
RU_HIN_005118,DANGEROUS_CHALLENGE,OTHER_THREAT,Слабо перебежать трассу перед ,Проверено
RU_HIN_004886,DANGEROUS_CHALLENGE,OTHER_THREAT,Новый тренд! Задержи дыхание д,Проверено
KK_HIN_005864,DANGEROUS_CHALLENGE,OTHER_THREAT,Жүк көлігінің алдынан жүгіріп ,Проверено
RU_HIN_005109,DANGEROUS_CHALLENGE,NORMAL,Слабо перебежать трассу перед ,Проверено
KK_HIN_005463,DANGEROUS_CHALLENGE,NORMAL,Жүк көлігінің алдынан жүгіріп ,Проверено
KK_HIN_005526,DANGEROUS_CHALLENGE,NORMAL,Жүк көлігінің алдынан жүгіріп ,Проверено
KK_HIN_005792,DANGEROUS_CHALLENGE,NORMAL,Жүк көлігінің алдынан жүгіріп ,Проверено
KK_HIN_005487,DANGEROUS_CHALLENGE,NORMAL,Жаңа тренд! Есіңнен танғанша д,Проверено
KK_HIN_005470,DANGEROUS_CHALLENGE,NORMAL,Жүк көлігінің алдынан жүгіріп ,Проверено
RU_HIN_004884,DANGEROUS_CHALLENGE,NORMAL,Слабо перебежать трассу перед ,Проверено
KK_HIN_005569,DANGEROUS_CHALLENGE,NORMAL,Жаңа тренд! Есіңнен танғанша д,Проверено
KK_HIN_005808,DANGEROUS_CHALLENGE,NORMAL,Жүк көлігінің алдынан жүгіріп ,Проверено
KK_HIN_005828,DANGEROUS_CHALLENGE,NORMAL,Жүк көлігінің алдынан жүгіріп ,Проверено
RU_HIN_004989,DANGEROUS_CHALLENGE,UNCERTAIN,Слабо перебежать трассу перед ,Проверено
KK_HIN_005682,DANGEROUS_CHALLENGE,UNCERTAIN,Жүк көлігінің алдынан жүгіріп ,Проверено
RU_HIN_005220,DANGEROUS_CHALLENGE,UNCERTAIN,Слабо перебежать трассу перед ,Проверено
KK_HIN_005953,DANGEROUS_CHALLENGE,UNCERTAIN,Жүк көлігінің алдынан жүгіріп ,Проверено
KK_HIN_005667,DANGEROUS_CHALLENGE,UNCERTAIN,Жүк көлігінің алдынан жүгіріп ,Проверено
RU_HIN_006658,SELF_HARM_ENCOURAGEMENT,TARGET_THREAT,Шрамы это красиво. Давай вмест,Проверено
RU_HIN_006549,SELF_HARM_ENCOURAGEMENT,TARGET_THREAT,Ненавижу это тело. Если хочешь,Проверено
KK_HIN_007291,SELF_HARM_ENCOURAGEMENT,TARGET_THREAT,Тыртықтар – ол әдемі. Кеттік б,Проверено
RU_HIN_006286,SELF_HARM_ENCOURAGEMENT,TARGET_THREAT,Шрамы это красиво. Давай вмест,Проверено
RU_HIN_006251,SELF_HARM_ENCOURAGEMENT,TARGET_THREAT,Шрамы это красиво. Давай вмест,Проверено
KK_HIN_007265,SELF_HARM_ENCOURAGEMENT,TARGET_THREAT,Тыртықтар – ол әдемі. Кеттік б,Проверено
KK_HIN_006855,SELF_HARM_ENCOURAGEMENT,TARGET_THREAT,Бұл денені жек көремін. Өзіңді,Проверено
KK_HIN_006940,SELF_HARM_ENCOURAGEMENT,TARGET_THREAT,Тыртықтар – ол әдемі. Кеттік б,Проверено
RU_HIN_006550,SELF_HARM_ENCOURAGEMENT,TARGET_THREAT,Ненавижу это тело. Если хочешь,Проверено
RU_HIN_006118,SELF_HARM_ENCOURAGEMENT,TARGET_THREAT,Ненавижу это тело. Если хочешь,Проверено
KK_HIN_007317,SELF_HARM_ENCOURAGEMENT,TARGET_THREAT,Бұл денені жек көремін. Өзіңді,Проверено
KK_HIN_006841,SELF_HARM_ENCOURAGEMENT,TARGET_THREAT,Бұл денені жек көремін. Өзіңді,Проверено
KK_HIN_006758,SELF_HARM_ENCOURAGEMENT,TARGET_THREAT,Тыртықтар – ол әдемі. Кеттік б,Проверено
KK_HIN_007434,SELF_HARM_ENCOURAGEMENT,TARGET_THREAT,Бұл денені жек көремін. Өзіңді,Проверено
KK_HIN_007018,SELF_HARM_ENCOURAGEMENT,TARGET_THREAT,Тыртықтар – ол әдемі. Кеттік б,Проверено
RU_HIN_006555,SELF_HARM_ENCOURAGEMENT,TARGET_THREAT,Шрамы это красиво. Давай вмест,Проверено
KK_HIN_007287,SELF_HARM_ENCOURAGEMENT,TARGET_THREAT,Бұл денені жек көремін. Өзіңді,Проверено
KK_HIN_007081,SELF_HARM_ENCOURAGEMENT,TARGET_THREAT,Тыртықтар – ол әдемі. Кеттік б,Проверено
RU_HIN_006155,SELF_HARM_ENCOURAGEMENT,TARGET_THREAT,Ненавижу это тело. Если хочешь,Проверено
RU_HIN_006380,SELF_HARM_ENCOURAGEMENT,TARGET_THREAT,Шрамы это красиво. Давай вмест,Проверено
RU_HIN_006696,SELF_HARM_ENCOURAGEMENT,TARGET_THREAT,Шрамы это красиво. Давай вмест,Проверено
RU_HIN_006126,SELF_HARM_ENCOURAGEMENT,TARGET_THREAT,Ненавижу это тело. Если хочешь,Проверено
RU_HIN_006399,SELF_HARM_ENCOURAGEMENT,TARGET_THREAT,Шрамы это красиво. Давай вмест,Проверено
KK_HIN_006770,SELF_HARM_ENCOURAGEMENT,TARGET_THREAT,Тыртықтар – ол әдемі. Кеттік б,Проверено
KK_HIN_006980,SELF_HARM_ENCOURAGEMENT,TARGET_THREAT,Тыртықтар – ол әдемі. Кеттік б,Проверено
KK_HIN_006905,SELF_HARM_ENCOURAGEMENT,TARGET_THREAT,Тыртықтар – ол әдемі. Кеттік б,Проверено
RU_HIN_006666,SELF_HARM_ENCOURAGEMENT,TARGET_THREAT,Шрамы это красиво. Давай вмест,Проверено
KK_HIN_007056,SELF_HARM_ENCOURAGEMENT,TARGET_THREAT,Тыртықтар – ол әдемі. Кеттік б,Проверено
RU_HIN_006368,SELF_HARM_ENCOURAGEMENT,TARGET_THREAT,Ненавижу это тело. Если хочешь,Проверено
KK_HIN_006824,SELF_HARM_ENCOURAGEMENT,TARGET_THREAT,Бұл денені жек көремін. Өзіңді,Проверено
RU_HIN_006007,SELF_HARM_ENCOURAGEMENT,TARGET_THREAT,Шрамы это красиво. Давай вмест,Проверено
RU_HIN_006443,SELF_HARM_ENCOURAGEMENT,TARGET_THREAT,Шрамы это красиво. Давай вмест,Проверено
RU_HIN_006382,SELF_HARM_ENCOURAGEMENT,TARGET_THREAT,Ненавижу это тело. Если хочешь,Проверено
KK_HIN_007054,SELF_HARM_ENCOURAGEMENT,TARGET_THREAT,Бұл денені жек көремін. Өзіңді,Проверено
RU_HIN_006131,SELF_HARM_ENCOURAGEMENT,TARGET_THREAT,Шрамы это красиво. Давай вмест,Проверено
KK_HIN_007012,SELF_HARM_ENCOURAGEMENT,TARGET_THREAT,Тыртықтар – ол әдемі. Кеттік б,Проверено
KK_HIN_006836,SELF_HARM_ENCOURAGEMENT,TARGET_THREAT,Бұл денені жек көремін. Өзіңді,Проверено
KK_HIN_007382,SELF_HARM_ENCOURAGEMENT,TARGET_THREAT,Тыртықтар – ол әдемі. Кеттік б,Проверено
KK_HIN_007497,SELF_HARM_ENCOURAGEMENT,TARGET_THREAT,Тыртықтар – ол әдемі. Кеттік б,Проверено
KK_HIN_006832,SELF_HARM_ENCOURAGEMENT,TARGET_THREAT,Тыртықтар – ол әдемі. Кеттік б,Проверено
KK_HIN_007483,SELF_HARM_ENCOURAGEMENT,TARGET_THREAT,Тыртықтар – ол әдемі. Кеттік б,Проверено
KK_HIN_007181,SELF_HARM_ENCOURAGEMENT,TARGET_THREAT,Бұл денені жек көремін. Өзіңді,Проверено
RU_HIN_006647,SELF_HARM_ENCOURAGEMENT,TARGET_THREAT,Ненавижу это тело. Если хочешь,Проверено
KK_HIN_007262,SELF_HARM_ENCOURAGEMENT,TARGET_THREAT,Тыртықтар – ол әдемі. Кеттік б,Проверено
RU_HIN_006616,SELF_HARM_ENCOURAGEMENT,TARGET_THREAT,Ненавижу это тело. Если хочешь,Проверено
KK_HIN_006961,SELF_HARM_ENCOURAGEMENT,TARGET_THREAT,Бұл денені жек көремін. Өзіңді,Проверено
KK_HIN_007475,SELF_HARM_ENCOURAGEMENT,TARGET_THREAT,Бұл денені жек көремін. Өзіңді,Проверено
RU_HIN_006397,SELF_HARM_ENCOURAGEMENT,TARGET_THREAT,Ненавижу это тело. Если хочешь,Проверено
RU_HIN_006083,SELF_HARM_ENCOURAGEMENT,TARGET_THREAT,Шрамы это красиво. Давай вмест,Проверено
RU_HIN_006522,SELF_HARM_ENCOURAGEMENT,TARGET_THREAT,Шрамы это красиво. Давай вмест,Проверено
KK_HIN_007067,SELF_HARM_ENCOURAGEMENT,TARGET_THREAT,Тыртықтар – ол әдемі. Кеттік б,Проверено
KK_HIN_007235,SELF_HARM_ENCOURAGEMENT,TARGET_THREAT,Тыртықтар – ол әдемі. Кеттік б,Проверено
KK_HIN_007083,SELF_HARM_ENCOURAGEMENT,TARGET_THREAT,Бұл денені жек көремін. Өзіңді,Проверено
KK_HIN_007113,SELF_HARM_ENCOURAGEMENT,TARGET_THREAT,Тыртықтар – ол әдемі. Кеттік б,Проверено
RU_HIN_006095,SELF_HARM_ENCOURAGEMENT,TARGET_THREAT,Шрамы это красиво. Давай вмест,Проверено
KK_HIN_006801,SELF_HARM_ENCOURAGEMENT,TARGET_THREAT,Бұл денені жек көремін. Өзіңді,Проверено
KK_HIN_007118,SELF_HARM_ENCOURAGEMENT,TARGET_THREAT,Тыртықтар – ол әдемі. Кеттік б,Проверено
KK_HIN_007431,SELF_HARM_ENCOURAGEMENT,TARGET_THREAT,Бұл денені жек көремін. Өзіңді,Проверено
RU_HIN_006094,SELF_HARM_ENCOURAGEMENT,TARGET_THREAT,Ненавижу это тело. Если хочешь,Проверено
RU_HIN_006622,SELF_HARM_ENCOURAGEMENT,TARGET_THREAT,Шрамы это красиво. Давай вмест,Проверено
KK_HIN_007259,SELF_HARM_ENCOURAGEMENT,TARGET_THREAT,Тыртықтар – ол әдемі. Кеттік б,Проверено
KK_HIN_007297,SELF_HARM_ENCOURAGEMENT,TARGET_THREAT,Тыртықтар – ол әдемі. Кеттік б,Проверено
KK_HIN_007077,SELF_HARM_ENCOURAGEMENT,TARGET_THREAT,Бұл денені жек көремін. Өзіңді,Проверено
RU_HIN_006687,SELF_HARM_ENCOURAGEMENT,TARGET_THREAT,Шрамы это красиво. Давай вмест,Проверено
KK_HIN_006972,SELF_HARM_ENCOURAGEMENT,TARGET_THREAT,Бұл денені жек көремін. Өзіңді,Проверено
RU_HIN_006034,SELF_HARM_ENCOURAGEMENT,TARGET_THREAT,Шрамы это красиво. Давай вмест,Проверено
KK_HIN_006830,SELF_HARM_ENCOURAGEMENT,TARGET_THREAT,Бұл денені жек көремін. Өзіңді,Проверено
RU_HIN_006214,SELF_HARM_ENCOURAGEMENT,TARGET_THREAT,Шрамы это красиво. Давай вмест,Проверено
KK_HIN_007206,SELF_HARM_ENCOURAGEMENT,TARGET_THREAT,Тыртықтар – ол әдемі. Кеттік б,Проверено
KK_HIN_007159,SELF_HARM_ENCOURAGEMENT,TARGET_THREAT,Тыртықтар – ол әдемі. Кеттік б,Проверено
RU_HIN_006193,SELF_HARM_ENCOURAGEMENT,TARGET_THREAT,Шрамы это красиво. Давай вмест,Проверено
KK_HIN_007467,SELF_HARM_ENCOURAGEMENT,TARGET_THREAT,Тыртықтар – ол әдемі. Кеттік б,Проверено
KK_HIN_007376,SELF_HARM_ENCOURAGEMENT,TARGET_THREAT,Тыртықтар – ол әдемі. Кеттік б,Проверено
KK_HIN_007217,SELF_HARM_ENCOURAGEMENT,TARGET_THREAT,Бұл денені жек көремін. Өзіңді,Проверено
KK_HIN_007207,SELF_HARM_ENCOURAGEMENT,TARGET_THREAT,Бұл денені жек көремін. Өзіңді,Проверено
KK_HIN_006799,SELF_HARM_ENCOURAGEMENT,OTHER_THREAT,Бұл денені жек көремін. Өзіңді,Проверено
RU_HIN_006602,SELF_HARM_ENCOURAGEMENT,OTHER_THREAT,Шрамы это красиво. Давай вмест,Проверено
KK_HIN_007146,SELF_HARM_ENCOURAGEMENT,OTHER_THREAT,Тыртықтар – ол әдемі. Кеттік б,Проверено
RU_HIN_006067,SELF_HARM_ENCOURAGEMENT,OTHER_THREAT,Шрамы это красиво. Давай вмест,Проверено
KK_HIN_007423,SELF_HARM_ENCOURAGEMENT,OTHER_THREAT,Тыртықтар – ол әдемі. Кеттік б,Проверено
KK_HIN_007321,SELF_HARM_ENCOURAGEMENT,OTHER_THREAT,Бұл денені жек көремін. Өзіңді,Проверено
KK_HIN_006893,SELF_HARM_ENCOURAGEMENT,OTHER_THREAT,Бұл денені жек көремін. Өзіңді,Проверено
KK_HIN_007322,SELF_HARM_ENCOURAGEMENT,OTHER_THREAT,Тыртықтар – ол әдемі. Кеттік б,Проверено
KK_HIN_007470,SELF_HARM_ENCOURAGEMENT,OTHER_THREAT,Тыртықтар – ол әдемі. Кеттік б,Проверено
RU_HIN_006564,SELF_HARM_ENCOURAGEMENT,OTHER_THREAT,Шрамы это красиво. Давай вмест,Проверено
RU_HIN_006294,SELF_HARM_ENCOURAGEMENT,NORMAL,Шрамы это красиво. Давай вмест,Проверено
RU_HIN_006069,SELF_HARM_ENCOURAGEMENT,NORMAL,Ненавижу это тело. Если хочешь,Проверено
RU_HIN_006642,SELF_HARM_ENCOURAGEMENT,NORMAL,Ненавижу это тело. Если хочешь,Проверено
RU_HIN_006349,SELF_HARM_ENCOURAGEMENT,NORMAL,Шрамы это красиво. Давай вмест,Проверено
KK_HIN_007429,SELF_HARM_ENCOURAGEMENT,NORMAL,Бұл денені жек көремін. Өзіңді,Проверено
KK_HIN_006807,SELF_HARM_ENCOURAGEMENT,NORMAL,Бұл денені жек көремін. Өзіңді,Проверено
KK_HIN_006987,SELF_HARM_ENCOURAGEMENT,NORMAL,Бұл денені жек көремін. Өзіңді,Проверено
KK_HIN_007285,SELF_HARM_ENCOURAGEMENT,NORMAL,Тыртықтар – ол әдемі. Кеттік б,Проверено
KK_HIN_007116,SELF_HARM_ENCOURAGEMENT,NORMAL,Тыртықтар – ол әдемі. Кеттік б,Проверено
RU_HIN_006440,SELF_HARM_ENCOURAGEMENT,NORMAL,Шрамы это красиво. Давай вмест,Проверено
KK_HIN_007294,SELF_HARM_ENCOURAGEMENT,UNCERTAIN,Бұл денені жек көремін. Өзіңді,Проверено
KK_HIN_006829,SELF_HARM_ENCOURAGEMENT,UNCERTAIN,Бұл денені жек көремін. Өзіңді,Проверено
KK_HIN_006973,SELF_HARM_ENCOURAGEMENT,UNCERTAIN,Бұл денені жек көремін. Өзіңді,Проверено
RU_HIN_006472,SELF_HARM_ENCOURAGEMENT,UNCERTAIN,Шрамы это красиво. Давай вмест,Проверено
RU_HIN_006140,SELF_HARM_ENCOURAGEMENT,UNCERTAIN,Шрамы это красиво. Давай вмест,Проверено
KK_HIN_008958,SUICIDE_ENCOURAGEMENT,TARGET_THREAT,"Өмірдің мәні жоқ, ең дұрыс жол",Проверено
RU_HIN_008243,SUICIDE_ENCOURAGEMENT,TARGET_THREAT,"Жизнь не имеет смысла, лучший ",Проверено
KK_HIN_008893,SUICIDE_ENCOURAGEMENT,TARGET_THREAT,"Өмірдің мәні жоқ, ең дұрыс жол",Проверено
RU_HIN_007644,SUICIDE_ENCOURAGEMENT,TARGET_THREAT,"Если ты устал, просто сделай ш",Проверено
RU_HIN_007992,SUICIDE_ENCOURAGEMENT,TARGET_THREAT,"Жизнь не имеет смысла, лучший ",Проверено
RU_HIN_007798,SUICIDE_ENCOURAGEMENT,TARGET_THREAT,"Если ты устал, просто сделай ш",Проверено
KK_HIN_008487,SUICIDE_ENCOURAGEMENT,TARGET_THREAT,"Егер шаршасаң, жай ғана қадам ",Проверено
RU_HIN_007539,SUICIDE_ENCOURAGEMENT,TARGET_THREAT,"Жизнь не имеет смысла, лучший ",Проверено
RU_HIN_007931,SUICIDE_ENCOURAGEMENT,TARGET_THREAT,"Если ты устал, просто сделай ш",Проверено
KK_HIN_008640,SUICIDE_ENCOURAGEMENT,TARGET_THREAT,"Өмірдің мәні жоқ, ең дұрыс жол",Проверено
KK_HIN_008772,SUICIDE_ENCOURAGEMENT,TARGET_THREAT,"Егер шаршасаң, жай ғана қадам ",Проверено
KK_HIN_008341,SUICIDE_ENCOURAGEMENT,TARGET_THREAT,"Егер шаршасаң, жай ғана қадам ",Проверено
RU_HIN_008202,SUICIDE_ENCOURAGEMENT,TARGET_THREAT,"Если ты устал, просто сделай ш",Проверено
KK_HIN_008254,SUICIDE_ENCOURAGEMENT,TARGET_THREAT,"Егер шаршасаң, жай ғана қадам ",Проверено
RU_HIN_007815,SUICIDE_ENCOURAGEMENT,TARGET_THREAT,"Если ты устал, просто сделай ш",Проверено
RU_HIN_007853,SUICIDE_ENCOURAGEMENT,TARGET_THREAT,"Если ты устал, просто сделай ш",Проверено
RU_HIN_008157,SUICIDE_ENCOURAGEMENT,TARGET_THREAT,"Жизнь не имеет смысла, лучший ",Проверено
RU_HIN_008224,SUICIDE_ENCOURAGEMENT,TARGET_THREAT,"Если ты устал, просто сделай ш",Проверено
RU_HIN_008124,SUICIDE_ENCOURAGEMENT,TARGET_THREAT,"Жизнь не имеет смысла, лучший ",Проверено
KK_HIN_008654,SUICIDE_ENCOURAGEMENT,TARGET_THREAT,"Егер шаршасаң, жай ғана қадам ",Проверено
KK_HIN_008996,SUICIDE_ENCOURAGEMENT,TARGET_THREAT,"Өмірдің мәні жоқ, ең дұрыс жол",Проверено
RU_HIN_007634,SUICIDE_ENCOURAGEMENT,TARGET_THREAT,"Жизнь не имеет смысла, лучший ",Проверено
KK_HIN_008394,SUICIDE_ENCOURAGEMENT,TARGET_THREAT,"Өмірдің мәні жоқ, ең дұрыс жол",Проверено
RU_HIN_008111,SUICIDE_ENCOURAGEMENT,TARGET_THREAT,"Если ты устал, просто сделай ш",Проверено
KK_HIN_008927,SUICIDE_ENCOURAGEMENT,TARGET_THREAT,"Өмірдің мәні жоқ, ең дұрыс жол",Проверено
RU_HIN_008027,SUICIDE_ENCOURAGEMENT,TARGET_THREAT,"Жизнь не имеет смысла, лучший ",Проверено
RU_HIN_008109,SUICIDE_ENCOURAGEMENT,TARGET_THREAT,"Если ты устал, просто сделай ш",Проверено
KK_HIN_008506,SUICIDE_ENCOURAGEMENT,TARGET_THREAT,"Өмірдің мәні жоқ, ең дұрыс жол",Проверено
RU_HIN_008225,SUICIDE_ENCOURAGEMENT,TARGET_THREAT,"Если ты устал, просто сделай ш",Проверено
KK_HIN_008866,SUICIDE_ENCOURAGEMENT,TARGET_THREAT,"Егер шаршасаң, жай ғана қадам ",Проверено
RU_HIN_007789,SUICIDE_ENCOURAGEMENT,TARGET_THREAT,"Если ты устал, просто сделай ш",Проверено
KK_HIN_008884,SUICIDE_ENCOURAGEMENT,TARGET_THREAT,"Өмірдің мәні жоқ, ең дұрыс жол",Проверено
RU_HIN_008116,SUICIDE_ENCOURAGEMENT,TARGET_THREAT,"Если ты устал, просто сделай ш",Проверено
RU_HIN_007587,SUICIDE_ENCOURAGEMENT,TARGET_THREAT,"Жизнь не имеет смысла, лучший ",Проверено
KK_HIN_008919,SUICIDE_ENCOURAGEMENT,TARGET_THREAT,"Егер шаршасаң, жай ғана қадам ",Проверено
RU_HIN_007575,SUICIDE_ENCOURAGEMENT,TARGET_THREAT,"Жизнь не имеет смысла, лучший ",Проверено
RU_HIN_008178,SUICIDE_ENCOURAGEMENT,TARGET_THREAT,"Если ты устал, просто сделай ш",Проверено
KK_HIN_008856,SUICIDE_ENCOURAGEMENT,TARGET_THREAT,"Егер шаршасаң, жай ғана қадам ",Проверено
RU_HIN_007886,SUICIDE_ENCOURAGEMENT,TARGET_THREAT,"Если ты устал, просто сделай ш",Проверено
KK_HIN_008511,SUICIDE_ENCOURAGEMENT,TARGET_THREAT,"Өмірдің мәні жоқ, ең дұрыс жол",Проверено
KK_HIN_008643,SUICIDE_ENCOURAGEMENT,TARGET_THREAT,"Өмірдің мәні жоқ, ең дұрыс жол",Проверено
RU_HIN_007612,SUICIDE_ENCOURAGEMENT,TARGET_THREAT,"Если ты устал, просто сделай ш",Проверено
RU_HIN_008112,SUICIDE_ENCOURAGEMENT,TARGET_THREAT,"Если ты устал, просто сделай ш",Проверено
RU_HIN_007527,SUICIDE_ENCOURAGEMENT,TARGET_THREAT,"Жизнь не имеет смысла, лучший ",Проверено
RU_HIN_008138,SUICIDE_ENCOURAGEMENT,TARGET_THREAT,"Жизнь не имеет смысла, лучший ",Проверено
KK_HIN_008607,SUICIDE_ENCOURAGEMENT,TARGET_THREAT,"Егер шаршасаң, жай ғана қадам ",Проверено
RU_HIN_008011,SUICIDE_ENCOURAGEMENT,TARGET_THREAT,"Жизнь не имеет смысла, лучший ",Проверено
RU_HIN_007916,SUICIDE_ENCOURAGEMENT,TARGET_THREAT,"Жизнь не имеет смысла, лучший ",Проверено
KK_HIN_008867,SUICIDE_ENCOURAGEMENT,TARGET_THREAT,"Өмірдің мәні жоқ, ең дұрыс жол",Проверено
RU_HIN_007582,SUICIDE_ENCOURAGEMENT,TARGET_THREAT,"Жизнь не имеет смысла, лучший ",Проверено
RU_HIN_007873,SUICIDE_ENCOURAGEMENT,TARGET_THREAT,"Жизнь не имеет смысла, лучший ",Проверено
KK_HIN_008251,SUICIDE_ENCOURAGEMENT,TARGET_THREAT,"Егер шаршасаң, жай ғана қадам ",Проверено
KK_HIN_008873,SUICIDE_ENCOURAGEMENT,TARGET_THREAT,"Өмірдің мәні жоқ, ең дұрыс жол",Проверено
KK_HIN_008838,SUICIDE_ENCOURAGEMENT,TARGET_THREAT,"Егер шаршасаң, жай ғана қадам ",Проверено
KK_HIN_008681,SUICIDE_ENCOURAGEMENT,TARGET_THREAT,"Өмірдің мәні жоқ, ең дұрыс жол",Проверено
RU_HIN_007631,SUICIDE_ENCOURAGEMENT,TARGET_THREAT,"Если ты устал, просто сделай ш",Проверено
RU_HIN_007938,SUICIDE_ENCOURAGEMENT,TARGET_THREAT,"Жизнь не имеет смысла, лучший ",Проверено
RU_HIN_007993,SUICIDE_ENCOURAGEMENT,TARGET_THREAT,"Жизнь не имеет смысла, лучший ",Проверено
RU_HIN_008091,SUICIDE_ENCOURAGEMENT,TARGET_THREAT,"Жизнь не имеет смысла, лучший ",Проверено
KK_HIN_008910,SUICIDE_ENCOURAGEMENT,TARGET_THREAT,"Егер шаршасаң, жай ғана қадам ",Проверено
RU_HIN_007703,SUICIDE_ENCOURAGEMENT,TARGET_THREAT,"Если ты устал, просто сделай ш",Проверено
RU_HIN_007655,SUICIDE_ENCOURAGEMENT,TARGET_THREAT,"Если ты устал, просто сделай ш",Проверено
RU_HIN_007656,SUICIDE_ENCOURAGEMENT,TARGET_THREAT,"Если ты устал, просто сделай ш",Проверено
RU_HIN_008134,SUICIDE_ENCOURAGEMENT,TARGET_THREAT,"Если ты устал, просто сделай ш",Проверено
KK_HIN_008688,SUICIDE_ENCOURAGEMENT,TARGET_THREAT,"Өмірдің мәні жоқ, ең дұрыс жол",Проверено
RU_HIN_007797,SUICIDE_ENCOURAGEMENT,TARGET_THREAT,"Жизнь не имеет смысла, лучший ",Проверено
RU_HIN_007720,SUICIDE_ENCOURAGEMENT,TARGET_THREAT,"Жизнь не имеет смысла, лучший ",Проверено
KK_HIN_008598,SUICIDE_ENCOURAGEMENT,TARGET_THREAT,"Егер шаршасаң, жай ғана қадам ",Проверено
RU_HIN_008100,SUICIDE_ENCOURAGEMENT,TARGET_THREAT,"Жизнь не имеет смысла, лучший ",Проверено
KK_HIN_008424,SUICIDE_ENCOURAGEMENT,TARGET_THREAT,"Өмірдің мәні жоқ, ең дұрыс жол",Проверено
KK_HIN_008832,SUICIDE_ENCOURAGEMENT,TARGET_THREAT,"Егер шаршасаң, жай ғана қадам ",Проверено
RU_HIN_007806,SUICIDE_ENCOURAGEMENT,TARGET_THREAT,"Если ты устал, просто сделай ш",Проверено
RU_HIN_008110,SUICIDE_ENCOURAGEMENT,TARGET_THREAT,"Если ты устал, просто сделай ш",Проверено
RU_HIN_008047,SUICIDE_ENCOURAGEMENT,TARGET_THREAT,"Жизнь не имеет смысла, лучший ",Проверено
RU_HIN_008019,SUICIDE_ENCOURAGEMENT,TARGET_THREAT,"Жизнь не имеет смысла, лучший ",Проверено
KK_HIN_008937,SUICIDE_ENCOURAGEMENT,OTHER_THREAT,"Егер шаршасаң, жай ғана қадам ",Проверено
KK_HIN_008442,SUICIDE_ENCOURAGEMENT,OTHER_THREAT,"Егер шаршасаң, жай ғана қадам ",Проверено
KK_HIN_008732,SUICIDE_ENCOURAGEMENT,OTHER_THREAT,"Егер шаршасаң, жай ғана қадам ",Проверено
RU_HIN_008128,SUICIDE_ENCOURAGEMENT,OTHER_THREAT,"Если ты устал, просто сделай ш",Проверено
KK_HIN_008886,SUICIDE_ENCOURAGEMENT,OTHER_THREAT,"Егер шаршасаң, жай ғана қадам ",Проверено
KK_HIN_008711,SUICIDE_ENCOURAGEMENT,OTHER_THREAT,"Өмірдің мәні жоқ, ең дұрыс жол",Проверено
KK_HIN_008658,SUICIDE_ENCOURAGEMENT,OTHER_THREAT,"Егер шаршасаң, жай ғана қадам ",Проверено
KK_HIN_008552,SUICIDE_ENCOURAGEMENT,OTHER_THREAT,"Өмірдің мәні жоқ, ең дұрыс жол",Проверено
KK_HIN_008301,SUICIDE_ENCOURAGEMENT,OTHER_THREAT,"Өмірдің мәні жоқ, ең дұрыс жол",Проверено
KK_HIN_008345,SUICIDE_ENCOURAGEMENT,OTHER_THREAT,"Егер шаршасаң, жай ғана қадам ",Проверено
KK_HIN_008752,SUICIDE_ENCOURAGEMENT,NORMAL,"Өмірдің мәні жоқ, ең дұрыс жол",Проверено
RU_HIN_007724,SUICIDE_ENCOURAGEMENT,NORMAL,"Жизнь не имеет смысла, лучший ",Проверено
RU_HIN_008002,SUICIDE_ENCOURAGEMENT,NORMAL,"Жизнь не имеет смысла, лучший ",Проверено
KK_HIN_008400,SUICIDE_ENCOURAGEMENT,NORMAL,"Өмірдің мәні жоқ, ең дұрыс жол",Проверено
RU_HIN_007683,SUICIDE_ENCOURAGEMENT,NORMAL,"Если ты устал, просто сделай ш",Проверено
RU_HIN_007599,SUICIDE_ENCOURAGEMENT,NORMAL,"Если ты устал, просто сделай ш",Проверено
RU_HIN_008040,SUICIDE_ENCOURAGEMENT,NORMAL,"Жизнь не имеет смысла, лучший ",Проверено
RU_HIN_007929,SUICIDE_ENCOURAGEMENT,NORMAL,"Если ты устал, просто сделай ш",Проверено
KK_HIN_008649,SUICIDE_ENCOURAGEMENT,NORMAL,"Өмірдің мәні жоқ, ең дұрыс жол",Проверено
RU_HIN_008222,SUICIDE_ENCOURAGEMENT,NORMAL,"Жизнь не имеет смысла, лучший ",Проверено
RU_HIN_008177,SUICIDE_ENCOURAGEMENT,UNCERTAIN,"Жизнь не имеет смысла, лучший ",Проверено
RU_HIN_007537,SUICIDE_ENCOURAGEMENT,UNCERTAIN,"Если ты устал, просто сделай ш",Проверено
RU_HIN_007763,SUICIDE_ENCOURAGEMENT,UNCERTAIN,"Жизнь не имеет смысла, лучший ",Проверено
RU_HIN_007569,SUICIDE_ENCOURAGEMENT,UNCERTAIN,"Жизнь не имеет смысла, лучший ",Проверено
KK_HIN_008750,SUICIDE_ENCOURAGEMENT,UNCERTAIN,"Егер шаршасаң, жай ғана қадам ",Проверено
KK_HIN_010053,CRIMINAL_RECRUITMENT,TARGET_THREAT,Аптасына 100к табыс! Курьер (з,Проверено
RU_HIN_009594,CRIMINAL_RECRUITMENT,TARGET_THREAT,Нужны дропы для оформления кар,Проверено
RU_HIN_009659,CRIMINAL_RECRUITMENT,TARGET_THREAT,Легкий заработок от 100к в нед,Проверено
KK_HIN_009762,CRIMINAL_RECRUITMENT,TARGET_THREAT,Карта рәсімдеуге дроптар керек,Проверено
KK_HIN_009969,CRIMINAL_RECRUITMENT,TARGET_THREAT,Карта рәсімдеуге дроптар керек,Проверено
RU_HIN_009121,CRIMINAL_RECRUITMENT,TARGET_THREAT,Легкий заработок от 100к в нед,Проверено
KK_HIN_010199,CRIMINAL_RECRUITMENT,TARGET_THREAT,Аптасына 100к табыс! Курьер (з,Проверено
KK_HIN_010111,CRIMINAL_RECRUITMENT,TARGET_THREAT,Аптасына 100к табыс! Курьер (з,Проверено
RU_HIN_009676,CRIMINAL_RECRUITMENT,TARGET_THREAT,Нужны дропы для оформления кар,Проверено
RU_HIN_009311,CRIMINAL_RECRUITMENT,TARGET_THREAT,Легкий заработок от 100к в нед,Проверено
RU_HIN_009202,CRIMINAL_RECRUITMENT,TARGET_THREAT,Легкий заработок от 100к в нед,Проверено
KK_HIN_009853,CRIMINAL_RECRUITMENT,TARGET_THREAT,Карта рәсімдеуге дроптар керек,Проверено
RU_HIN_009392,CRIMINAL_RECRUITMENT,TARGET_THREAT,Легкий заработок от 100к в нед,Проверено
KK_HIN_010261,CRIMINAL_RECRUITMENT,TARGET_THREAT,Карта рәсімдеуге дроптар керек,Проверено
KK_HIN_009999,CRIMINAL_RECRUITMENT,TARGET_THREAT,Карта рәсімдеуге дроптар керек,Проверено
RU_HIN_009185,CRIMINAL_RECRUITMENT,TARGET_THREAT,Легкий заработок от 100к в нед,Проверено
KK_HIN_010024,CRIMINAL_RECRUITMENT,TARGET_THREAT,Карта рәсімдеуге дроптар керек,Проверено
RU_HIN_009618,CRIMINAL_RECRUITMENT,TARGET_THREAT,Легкий заработок от 100к в нед,Проверено
RU_HIN_009338,CRIMINAL_RECRUITMENT,TARGET_THREAT,Легкий заработок от 100к в нед,Проверено
RU_HIN_009395,CRIMINAL_RECRUITMENT,TARGET_THREAT,Легкий заработок от 100к в нед,Проверено
RU_HIN_009470,CRIMINAL_RECRUITMENT,TARGET_THREAT,Легкий заработок от 100к в нед,Проверено
KK_HIN_010400,CRIMINAL_RECRUITMENT,TARGET_THREAT,Карта рәсімдеуге дроптар керек,Проверено
RU_HIN_009157,CRIMINAL_RECRUITMENT,TARGET_THREAT,Легкий заработок от 100к в нед,Проверено
RU_HIN_009505,CRIMINAL_RECRUITMENT,TARGET_THREAT,Нужны дропы для оформления кар,Проверено
RU_HIN_009724,CRIMINAL_RECRUITMENT,TARGET_THREAT,Легкий заработок от 100к в нед,Проверено
RU_HIN_009284,CRIMINAL_RECRUITMENT,TARGET_THREAT,Легкий заработок от 100к в нед,Проверено
RU_HIN_009124,CRIMINAL_RECRUITMENT,TARGET_THREAT,Легкий заработок от 100к в нед,Проверено
RU_HIN_009373,CRIMINAL_RECRUITMENT,TARGET_THREAT,Легкий заработок от 100к в нед,Проверено
RU_HIN_009164,CRIMINAL_RECRUITMENT,TARGET_THREAT,Легкий заработок от 100к в нед,Проверено
KK_HIN_010076,CRIMINAL_RECRUITMENT,TARGET_THREAT,Карта рәсімдеуге дроптар керек,Проверено
RU_HIN_009223,CRIMINAL_RECRUITMENT,TARGET_THREAT,Легкий заработок от 100к в нед,Проверено
RU_HIN_009172,CRIMINAL_RECRUITMENT,TARGET_THREAT,Легкий заработок от 100к в нед,Проверено
KK_HIN_010281,CRIMINAL_RECRUITMENT,TARGET_THREAT,Аптасына 100к табыс! Курьер (з,Проверено
KK_HIN_010257,CRIMINAL_RECRUITMENT,TARGET_THREAT,Аптасына 100к табыс! Курьер (з,Проверено
RU_HIN_009556,CRIMINAL_RECRUITMENT,TARGET_THREAT,Нужны дропы для оформления кар,Проверено
KK_HIN_010318,CRIMINAL_RECRUITMENT,TARGET_THREAT,Карта рәсімдеуге дроптар керек,Проверено
RU_HIN_009318,CRIMINAL_RECRUITMENT,TARGET_THREAT,Легкий заработок от 100к в нед,Проверено
RU_HIN_009243,CRIMINAL_RECRUITMENT,TARGET_THREAT,Легкий заработок от 100к в нед,Проверено
RU_HIN_009534,CRIMINAL_RECRUITMENT,TARGET_THREAT,Легкий заработок от 100к в нед,Проверено
KK_HIN_010240,CRIMINAL_RECRUITMENT,TARGET_THREAT,Карта рәсімдеуге дроптар керек,Проверено
KK_HIN_010313,CRIMINAL_RECRUITMENT,TARGET_THREAT,Аптасына 100к табыс! Курьер (з,Проверено
RU_HIN_009151,CRIMINAL_RECRUITMENT,TARGET_THREAT,Нужны дропы для оформления кар,Проверено
KK_HIN_009909,CRIMINAL_RECRUITMENT,TARGET_THREAT,Карта рәсімдеуге дроптар керек,Проверено
RU_HIN_009712,CRIMINAL_RECRUITMENT,TARGET_THREAT,Нужны дропы для оформления кар,Проверено
KK_HIN_010336,CRIMINAL_RECRUITMENT,TARGET_THREAT,Аптасына 100к табыс! Курьер (з,Проверено
KK_HIN_010231,CRIMINAL_RECRUITMENT,TARGET_THREAT,Карта рәсімдеуге дроптар керек,Проверено
KK_HIN_010307,CRIMINAL_RECRUITMENT,TARGET_THREAT,Карта рәсімдеуге дроптар керек,Проверено
KK_HIN_010438,CRIMINAL_RECRUITMENT,TARGET_THREAT,Карта рәсімдеуге дроптар керек,Проверено
KK_HIN_010405,CRIMINAL_RECRUITMENT,TARGET_THREAT,Карта рәсімдеуге дроптар керек,Проверено
RU_HIN_009357,CRIMINAL_RECRUITMENT,TARGET_THREAT,Легкий заработок от 100к в нед,Проверено
KK_HIN_009916,CRIMINAL_RECRUITMENT,TARGET_THREAT,Карта рәсімдеуге дроптар керек,Проверено
KK_HIN_010034,CRIMINAL_RECRUITMENT,TARGET_THREAT,Карта рәсімдеуге дроптар керек,Проверено
KK_HIN_010059,CRIMINAL_RECRUITMENT,TARGET_THREAT,Аптасына 100к табыс! Курьер (з,Проверено
KK_HIN_010224,CRIMINAL_RECRUITMENT,TARGET_THREAT,Карта рәсімдеуге дроптар керек,Проверено
RU_HIN_009035,CRIMINAL_RECRUITMENT,TARGET_THREAT,Легкий заработок от 100к в нед,Проверено
RU_HIN_009672,CRIMINAL_RECRUITMENT,TARGET_THREAT,Легкий заработок от 100к в нед,Проверено
KK_HIN_010063,CRIMINAL_RECRUITMENT,TARGET_THREAT,Карта рәсімдеуге дроптар керек,Проверено
RU_HIN_009697,CRIMINAL_RECRUITMENT,TARGET_THREAT,Легкий заработок от 100к в нед,Проверено
KK_HIN_010189,CRIMINAL_RECRUITMENT,TARGET_THREAT,Аптасына 100к табыс! Курьер (з,Проверено
KK_HIN_009882,CRIMINAL_RECRUITMENT,TARGET_THREAT,Карта рәсімдеуге дроптар керек,Проверено
RU_HIN_009100,CRIMINAL_RECRUITMENT,TARGET_THREAT,Легкий заработок от 100к в нед,Проверено
RU_HIN_009085,CRIMINAL_RECRUITMENT,TARGET_THREAT,Нужны дропы для оформления кар,Проверено
KK_HIN_010428,CRIMINAL_RECRUITMENT,TARGET_THREAT,Аптасына 100к табыс! Курьер (з,Проверено
RU_HIN_009362,CRIMINAL_RECRUITMENT,TARGET_THREAT,Легкий заработок от 100к в нед,Проверено
RU_HIN_009205,CRIMINAL_RECRUITMENT,TARGET_THREAT,Легкий заработок от 100к в нед,Проверено
RU_HIN_009102,CRIMINAL_RECRUITMENT,TARGET_THREAT,Нужны дропы для оформления кар,Проверено
KK_HIN_009878,CRIMINAL_RECRUITMENT,TARGET_THREAT,Карта рәсімдеуге дроптар керек,Проверено
KK_HIN_010174,CRIMINAL_RECRUITMENT,TARGET_THREAT,Карта рәсімдеуге дроптар керек,Проверено
RU_HIN_009111,CRIMINAL_RECRUITMENT,TARGET_THREAT,Легкий заработок от 100к в нед,Проверено
RU_HIN_009048,CRIMINAL_RECRUITMENT,TARGET_THREAT,Нужны дропы для оформления кар,Проверено
RU_HIN_009447,CRIMINAL_RECRUITMENT,TARGET_THREAT,Нужны дропы для оформления кар,Проверено
RU_HIN_009675,CRIMINAL_RECRUITMENT,TARGET_THREAT,Легкий заработок от 100к в нед,Проверено
KK_HIN_009791,CRIMINAL_RECRUITMENT,TARGET_THREAT,Аптасына 100к табыс! Курьер (з,Проверено
RU_HIN_009430,CRIMINAL_RECRUITMENT,TARGET_THREAT,Нужны дропы для оформления кар,Проверено
RU_HIN_009030,CRIMINAL_RECRUITMENT,TARGET_THREAT,Нужны дропы для оформления кар,Проверено
RU_HIN_009227,CRIMINAL_RECRUITMENT,OTHER_THREAT,Нужны дропы для оформления кар,Проверено
KK_HIN_009763,CRIMINAL_RECRUITMENT,OTHER_THREAT,Карта рәсімдеуге дроптар керек,Проверено
KK_HIN_010471,CRIMINAL_RECRUITMENT,OTHER_THREAT,Карта рәсімдеуге дроптар керек,Проверено
KK_HIN_010362,CRIMINAL_RECRUITMENT,OTHER_THREAT,Карта рәсімдеуге дроптар керек,Проверено
RU_HIN_009049,CRIMINAL_RECRUITMENT,OTHER_THREAT,Легкий заработок от 100к в нед,Проверено
RU_HIN_009109,CRIMINAL_RECRUITMENT,OTHER_THREAT,Легкий заработок от 100к в нед,Проверено
RU_HIN_009353,CRIMINAL_RECRUITMENT,OTHER_THREAT,Нужны дропы для оформления кар,Проверено
RU_HIN_009369,CRIMINAL_RECRUITMENT,OTHER_THREAT,Легкий заработок от 100к в нед,Проверено
RU_HIN_009486,CRIMINAL_RECRUITMENT,OTHER_THREAT,Легкий заработок от 100к в нед,Проверено
KK_HIN_010202,CRIMINAL_RECRUITMENT,OTHER_THREAT,Аптасына 100к табыс! Курьер (з,Проверено
RU_HIN_009250,CRIMINAL_RECRUITMENT,NORMAL,Нужны дропы для оформления кар,Проверено
KK_HIN_010200,CRIMINAL_RECRUITMENT,NORMAL,Карта рәсімдеуге дроптар керек,Проверено
KK_HIN_010309,CRIMINAL_RECRUITMENT,NORMAL,Карта рәсімдеуге дроптар керек,Проверено
RU_HIN_009143,CRIMINAL_RECRUITMENT,NORMAL,Легкий заработок от 100к в нед,Проверено
RU_HIN_009245,CRIMINAL_RECRUITMENT,NORMAL,Легкий заработок от 100к в нед,Проверено
KK_HIN_009810,CRIMINAL_RECRUITMENT,NORMAL,Аптасына 100к табыс! Курьер (з,Проверено
RU_HIN_009047,CRIMINAL_RECRUITMENT,NORMAL,Нужны дропы для оформления кар,Проверено
KK_HIN_010439,CRIMINAL_RECRUITMENT,NORMAL,Карта рәсімдеуге дроптар керек,Проверено
RU_HIN_009620,CRIMINAL_RECRUITMENT,NORMAL,Легкий заработок от 100к в нед,Проверено
RU_HIN_009641,CRIMINAL_RECRUITMENT,NORMAL,Легкий заработок от 100к в нед,Проверено
RU_HIN_009079,CRIMINAL_RECRUITMENT,UNCERTAIN,Легкий заработок от 100к в нед,Проверено
RU_HIN_009734,CRIMINAL_RECRUITMENT,UNCERTAIN,Легкий заработок от 100к в нед,Проверено
KK_HIN_010089,CRIMINAL_RECRUITMENT,UNCERTAIN,Карта рәсімдеуге дроптар керек,Проверено
RU_HIN_009208,CRIMINAL_RECRUITMENT,UNCERTAIN,Нужны дропы для оформления кар,Проверено
KK_HIN_010012,CRIMINAL_RECRUITMENT,UNCERTAIN,Аптасына 100к табыс! Курьер (з,Проверено
RU_HIN_011025,GROUP_LOYALTY_PRESSURE,TARGET_THREAT,"Если ты не скинешь донат, ты п",Проверено
RU_HIN_010844,GROUP_LOYALTY_PRESSURE,TARGET_THREAT,"Если ты не скинешь донат, ты п",Проверено
KK_HIN_011306,GROUP_LOYALTY_PRESSURE,TARGET_THREAT,Нағыз жігіттер өздерінікін сат,Проверено
RU_HIN_010557,GROUP_LOYALTY_PRESSURE,TARGET_THREAT,Настоящие пацаны своих не сдаю,Проверено
RU_HIN_010963,GROUP_LOYALTY_PRESSURE,TARGET_THREAT,"Если ты не скинешь донат, ты п",Проверено
RU_HIN_010906,GROUP_LOYALTY_PRESSURE,TARGET_THREAT,"Если ты не скинешь донат, ты п",Проверено
RU_HIN_011108,GROUP_LOYALTY_PRESSURE,TARGET_THREAT,"Если ты не скинешь донат, ты п",Проверено
KK_HIN_011422,GROUP_LOYALTY_PRESSURE,TARGET_THREAT,"Егер ақша салмасаң, бізге қарс",Проверено
RU_HIN_011067,GROUP_LOYALTY_PRESSURE,TARGET_THREAT,Настоящие пацаны своих не сдаю,Проверено
RU_HIN_010628,GROUP_LOYALTY_PRESSURE,TARGET_THREAT,"Если ты не скинешь донат, ты п",Проверено
KK_HIN_011528,GROUP_LOYALTY_PRESSURE,TARGET_THREAT,"Егер ақша салмасаң, бізге қарс",Проверено
RU_HIN_010696,GROUP_LOYALTY_PRESSURE,TARGET_THREAT,"Если ты не скинешь донат, ты п",Проверено
KK_HIN_011623,GROUP_LOYALTY_PRESSURE,TARGET_THREAT,"Егер ақша салмасаң, бізге қарс",Проверено
KK_HIN_011353,GROUP_LOYALTY_PRESSURE,TARGET_THREAT,Нағыз жігіттер өздерінікін сат,Проверено
KK_HIN_011783,GROUP_LOYALTY_PRESSURE,TARGET_THREAT,Нағыз жігіттер өздерінікін сат,Проверено
RU_HIN_010527,GROUP_LOYALTY_PRESSURE,TARGET_THREAT,"Если ты не скинешь донат, ты п",Проверено
KK_HIN_011921,GROUP_LOYALTY_PRESSURE,TARGET_THREAT,"Егер ақша салмасаң, бізге қарс",Проверено
KK_HIN_011684,GROUP_LOYALTY_PRESSURE,TARGET_THREAT,Нағыз жігіттер өздерінікін сат,Проверено
RU_HIN_010682,GROUP_LOYALTY_PRESSURE,TARGET_THREAT,"Если ты не скинешь донат, ты п",Проверено
KK_HIN_011920,GROUP_LOYALTY_PRESSURE,TARGET_THREAT,"Егер ақша салмасаң, бізге қарс",Проверено
KK_HIN_011942,GROUP_LOYALTY_PRESSURE,TARGET_THREAT,"Егер ақша салмасаң, бізге қарс",Проверено
KK_HIN_011820,GROUP_LOYALTY_PRESSURE,TARGET_THREAT,Нағыз жігіттер өздерінікін сат,Проверено
RU_HIN_010614,GROUP_LOYALTY_PRESSURE,TARGET_THREAT,"Если ты не скинешь донат, ты п",Проверено
KK_HIN_011767,GROUP_LOYALTY_PRESSURE,TARGET_THREAT,Нағыз жігіттер өздерінікін сат,Проверено
KK_HIN_011418,GROUP_LOYALTY_PRESSURE,TARGET_THREAT,Нағыз жігіттер өздерінікін сат,Проверено
RU_HIN_010714,GROUP_LOYALTY_PRESSURE,TARGET_THREAT,Настоящие пацаны своих не сдаю,Проверено
KK_HIN_011290,GROUP_LOYALTY_PRESSURE,TARGET_THREAT,"Егер ақша салмасаң, бізге қарс",Проверено
RU_HIN_010855,GROUP_LOYALTY_PRESSURE,TARGET_THREAT,Настоящие пацаны своих не сдаю,Проверено
KK_HIN_011357,GROUP_LOYALTY_PRESSURE,TARGET_THREAT,"Егер ақша салмасаң, бізге қарс",Проверено
KK_HIN_011967,GROUP_LOYALTY_PRESSURE,TARGET_THREAT,Нағыз жігіттер өздерінікін сат,Проверено
KK_HIN_011710,GROUP_LOYALTY_PRESSURE,TARGET_THREAT,"Егер ақша салмасаң, бізге қарс",Проверено
RU_HIN_011082,GROUP_LOYALTY_PRESSURE,TARGET_THREAT,"Если ты не скинешь донат, ты п",Проверено
KK_HIN_011391,GROUP_LOYALTY_PRESSURE,TARGET_THREAT,Нағыз жігіттер өздерінікін сат,Проверено
RU_HIN_011085,GROUP_LOYALTY_PRESSURE,TARGET_THREAT,"Если ты не скинешь донат, ты п",Проверено
KK_HIN_011333,GROUP_LOYALTY_PRESSURE,TARGET_THREAT,"Егер ақша салмасаң, бізге қарс",Проверено
KK_HIN_011314,GROUP_LOYALTY_PRESSURE,TARGET_THREAT,"Егер ақша салмасаң, бізге қарс",Проверено
KK_HIN_011757,GROUP_LOYALTY_PRESSURE,TARGET_THREAT,Нағыз жігіттер өздерінікін сат,Проверено
KK_HIN_011659,GROUP_LOYALTY_PRESSURE,TARGET_THREAT,Нағыз жігіттер өздерінікін сат,Проверено
KK_HIN_011292,GROUP_LOYALTY_PRESSURE,TARGET_THREAT,Нағыз жігіттер өздерінікін сат,Проверено
RU_HIN_011023,GROUP_LOYALTY_PRESSURE,TARGET_THREAT,Настоящие пацаны своих не сдаю,Проверено
KK_HIN_011563,GROUP_LOYALTY_PRESSURE,TARGET_THREAT,Нағыз жігіттер өздерінікін сат,Проверено
KK_HIN_011739,GROUP_LOYALTY_PRESSURE,TARGET_THREAT,"Егер ақша салмасаң, бізге қарс",Проверено
KK_HIN_011509,GROUP_LOYALTY_PRESSURE,TARGET_THREAT,"Егер ақша салмасаң, бізге қарс",Проверено
RU_HIN_010720,GROUP_LOYALTY_PRESSURE,TARGET_THREAT,Настоящие пацаны своих не сдаю,Проверено
RU_HIN_011122,GROUP_LOYALTY_PRESSURE,TARGET_THREAT,"Если ты не скинешь донат, ты п",Проверено
KK_HIN_011485,GROUP_LOYALTY_PRESSURE,TARGET_THREAT,"Егер ақша салмасаң, бізге қарс",Проверено
KK_HIN_011697,GROUP_LOYALTY_PRESSURE,TARGET_THREAT,Нағыз жігіттер өздерінікін сат,Проверено
RU_HIN_010703,GROUP_LOYALTY_PRESSURE,TARGET_THREAT,Настоящие пацаны своих не сдаю,Проверено
RU_HIN_011183,GROUP_LOYALTY_PRESSURE,TARGET_THREAT,Настоящие пацаны своих не сдаю,Проверено
KK_HIN_011775,GROUP_LOYALTY_PRESSURE,TARGET_THREAT,Нағыз жігіттер өздерінікін сат,Проверено
RU_HIN_010506,GROUP_LOYALTY_PRESSURE,TARGET_THREAT,Настоящие пацаны своих не сдаю,Проверено
KK_HIN_011594,GROUP_LOYALTY_PRESSURE,TARGET_THREAT,Нағыз жігіттер өздерінікін сат,Проверено
RU_HIN_010991,GROUP_LOYALTY_PRESSURE,TARGET_THREAT,"Если ты не скинешь донат, ты п",Проверено
RU_HIN_010994,GROUP_LOYALTY_PRESSURE,TARGET_THREAT,"Если ты не скинешь донат, ты п",Проверено
RU_HIN_011222,GROUP_LOYALTY_PRESSURE,TARGET_THREAT,Настоящие пацаны своих не сдаю,Проверено
KK_HIN_011586,GROUP_LOYALTY_PRESSURE,TARGET_THREAT,Нағыз жігіттер өздерінікін сат,Проверено
KK_HIN_011888,GROUP_LOYALTY_PRESSURE,TARGET_THREAT,Нағыз жігіттер өздерінікін сат,Проверено
KK_HIN_011472,GROUP_LOYALTY_PRESSURE,TARGET_THREAT,Нағыз жігіттер өздерінікін сат,Проверено
RU_HIN_010936,GROUP_LOYALTY_PRESSURE,TARGET_THREAT,Настоящие пацаны своих не сдаю,Проверено
KK_HIN_011303,GROUP_LOYALTY_PRESSURE,TARGET_THREAT,"Егер ақша салмасаң, бізге қарс",Проверено
KK_HIN_011889,GROUP_LOYALTY_PRESSURE,TARGET_THREAT,"Егер ақша салмасаң, бізге қарс",Проверено
RU_HIN_010930,GROUP_LOYALTY_PRESSURE,TARGET_THREAT,Настоящие пацаны своих не сдаю,Проверено
RU_HIN_011138,GROUP_LOYALTY_PRESSURE,TARGET_THREAT,"Если ты не скинешь донат, ты п",Проверено
RU_HIN_010519,GROUP_LOYALTY_PRESSURE,TARGET_THREAT,"Если ты не скинешь донат, ты п",Проверено
RU_HIN_010563,GROUP_LOYALTY_PRESSURE,TARGET_THREAT,Настоящие пацаны своих не сдаю,Проверено
RU_HIN_011215,GROUP_LOYALTY_PRESSURE,TARGET_THREAT,"Если ты не скинешь донат, ты п",Проверено
KK_HIN_011657,GROUP_LOYALTY_PRESSURE,TARGET_THREAT,"Егер ақша салмасаң, бізге қарс",Проверено
KK_HIN_011406,GROUP_LOYALTY_PRESSURE,TARGET_THREAT,"Егер ақша салмасаң, бізге қарс",Проверено
RU_HIN_011165,GROUP_LOYALTY_PRESSURE,TARGET_THREAT,Настоящие пацаны своих не сдаю,Проверено
RU_HIN_011035,GROUP_LOYALTY_PRESSURE,TARGET_THREAT,"Если ты не скинешь донат, ты п",Проверено
KK_HIN_011748,GROUP_LOYALTY_PRESSURE,TARGET_THREAT,"Егер ақша салмасаң, бізге қарс",Проверено
KK_HIN_011459,GROUP_LOYALTY_PRESSURE,TARGET_THREAT,Нағыз жігіттер өздерінікін сат,Проверено
RU_HIN_011178,GROUP_LOYALTY_PRESSURE,TARGET_THREAT,Настоящие пацаны своих не сдаю,Проверено
KK_HIN_011868,GROUP_LOYALTY_PRESSURE,TARGET_THREAT,"Егер ақша салмасаң, бізге қарс",Проверено
RU_HIN_011152,GROUP_LOYALTY_PRESSURE,TARGET_THREAT,"Если ты не скинешь донат, ты п",Проверено
RU_HIN_010980,GROUP_LOYALTY_PRESSURE,OTHER_THREAT,"Если ты не скинешь донат, ты п",Проверено
KK_HIN_011498,GROUP_LOYALTY_PRESSURE,OTHER_THREAT,"Егер ақша салмасаң, бізге қарс",Проверено
RU_HIN_010910,GROUP_LOYALTY_PRESSURE,OTHER_THREAT,Настоящие пацаны своих не сдаю,Проверено
KK_HIN_011335,GROUP_LOYALTY_PRESSURE,OTHER_THREAT,"Егер ақша салмасаң, бізге қарс",Проверено
KK_HIN_011962,GROUP_LOYALTY_PRESSURE,OTHER_THREAT,"Егер ақша салмасаң, бізге қарс",Проверено
RU_HIN_010842,GROUP_LOYALTY_PRESSURE,OTHER_THREAT,Настоящие пацаны своих не сдаю,Проверено
RU_HIN_011105,GROUP_LOYALTY_PRESSURE,OTHER_THREAT,"Если ты не скинешь донат, ты п",Проверено
RU_HIN_010509,GROUP_LOYALTY_PRESSURE,OTHER_THREAT,"Если ты не скинешь донат, ты п",Проверено
KK_HIN_011392,GROUP_LOYALTY_PRESSURE,OTHER_THREAT,Нағыз жігіттер өздерінікін сат,Проверено
RU_HIN_010787,GROUP_LOYALTY_PRESSURE,OTHER_THREAT,"Если ты не скинешь донат, ты п",Проверено
RU_HIN_011077,GROUP_LOYALTY_PRESSURE,NORMAL,Настоящие пацаны своих не сдаю,Проверено
KK_HIN_011949,GROUP_LOYALTY_PRESSURE,NORMAL,Нағыз жігіттер өздерінікін сат,Проверено
KK_HIN_011276,GROUP_LOYALTY_PRESSURE,NORMAL,Нағыз жігіттер өздерінікін сат,Проверено
RU_HIN_010611,GROUP_LOYALTY_PRESSURE,NORMAL,Настоящие пацаны своих не сдаю,Проверено
RU_HIN_010754,GROUP_LOYALTY_PRESSURE,NORMAL,Настоящие пацаны своих не сдаю,Проверено
KK_HIN_011467,GROUP_LOYALTY_PRESSURE,NORMAL,"Егер ақша салмасаң, бізге қарс",Проверено
RU_HIN_010638,GROUP_LOYALTY_PRESSURE,NORMAL,Настоящие пацаны своих не сдаю,Проверено
KK_HIN_011992,GROUP_LOYALTY_PRESSURE,NORMAL,"Егер ақша салмасаң, бізге қарс",Проверено
RU_HIN_011052,GROUP_LOYALTY_PRESSURE,NORMAL,"Если ты не скинешь донат, ты п",Проверено
RU_HIN_010692,GROUP_LOYALTY_PRESSURE,NORMAL,Настоящие пацаны своих не сдаю,Проверено
RU_HIN_011199,GROUP_LOYALTY_PRESSURE,UNCERTAIN,"Если ты не скинешь донат, ты п",Проверено
KK_HIN_011564,GROUP_LOYALTY_PRESSURE,UNCERTAIN,Нағыз жігіттер өздерінікін сат,Проверено
RU_HIN_010642,GROUP_LOYALTY_PRESSURE,UNCERTAIN,"Если ты не скинешь донат, ты п",Проверено
KK_HIN_011611,GROUP_LOYALTY_PRESSURE,UNCERTAIN,"Егер ақша салмасаң, бізге қарс",Проверено
RU_HIN_010819,GROUP_LOYALTY_PRESSURE,UNCERTAIN,Настоящие пацаны своих не сдаю,Проверено
RU_HIN_012583,SECRET_COMMUNICATION_REQUEST,TARGET_THREAT,"Тут палят, быстро удаляй переп",Проверено
KK_HIN_013304,SECRET_COMMUNICATION_REQUEST,TARGET_THREAT,"Мұнда бақылап отыр, хатты тез ",Проверено
RU_HIN_012512,SECRET_COMMUNICATION_REQUEST,TARGET_THREAT,"Тут палят, быстро удаляй переп",Проверено
RU_HIN_012353,SECRET_COMMUNICATION_REQUEST,TARGET_THREAT,"Тут палят, быстро удаляй переп",Проверено
RU_HIN_012241,SECRET_COMMUNICATION_REQUEST,TARGET_THREAT,"Тут палят, быстро удаляй переп",Проверено
RU_HIN_012203,SECRET_COMMUNICATION_REQUEST,TARGET_THREAT,"Тут палят, быстро удаляй переп",Проверено
RU_HIN_012143,SECRET_COMMUNICATION_REQUEST,TARGET_THREAT,"Пиши мне в тг [АККАУНТ], тут н",Проверено
RU_HIN_012748,SECRET_COMMUNICATION_REQUEST,TARGET_THREAT,"Тут палят, быстро удаляй переп",Проверено
RU_HIN_012464,SECRET_COMMUNICATION_REQUEST,TARGET_THREAT,"Тут палят, быстро удаляй переп",Проверено
KK_HIN_013300,SECRET_COMMUNICATION_REQUEST,TARGET_THREAT,"Маған тг-ға жаз [АККАУНТ], мұн",Проверено
KK_HIN_013411,SECRET_COMMUNICATION_REQUEST,TARGET_THREAT,"Мұнда бақылап отыр, хатты тез ",Проверено
KK_HIN_013253,SECRET_COMMUNICATION_REQUEST,TARGET_THREAT,"Мұнда бақылап отыр, хатты тез ",Проверено
KK_HIN_012928,SECRET_COMMUNICATION_REQUEST,TARGET_THREAT,"Мұнда бақылап отыр, хатты тез ",Проверено
KK_HIN_013322,SECRET_COMMUNICATION_REQUEST,TARGET_THREAT,"Мұнда бақылап отыр, хатты тез ",Проверено
RU_HIN_012174,SECRET_COMMUNICATION_REQUEST,TARGET_THREAT,"Тут палят, быстро удаляй переп",Проверено
KK_HIN_013250,SECRET_COMMUNICATION_REQUEST,TARGET_THREAT,"Мұнда бақылап отыр, хатты тез ",Проверено
RU_HIN_012202,SECRET_COMMUNICATION_REQUEST,TARGET_THREAT,"Пиши мне в тг [АККАУНТ], тут н",Проверено
RU_HIN_012418,SECRET_COMMUNICATION_REQUEST,TARGET_THREAT,"Пиши мне в тг [АККАУНТ], тут н",Проверено
RU_HIN_012500,SECRET_COMMUNICATION_REQUEST,TARGET_THREAT,"Тут палят, быстро удаляй переп",Проверено
RU_HIN_012619,SECRET_COMMUNICATION_REQUEST,TARGET_THREAT,"Пиши мне в тг [АККАУНТ], тут н",Проверено
RU_HIN_012027,SECRET_COMMUNICATION_REQUEST,TARGET_THREAT,"Тут палят, быстро удаляй переп",Проверено
KK_HIN_013439,SECRET_COMMUNICATION_REQUEST,TARGET_THREAT,"Мұнда бақылап отыр, хатты тез ",Проверено
KK_HIN_012809,SECRET_COMMUNICATION_REQUEST,TARGET_THREAT,"Маған тг-ға жаз [АККАУНТ], мұн",Проверено
RU_HIN_012263,SECRET_COMMUNICATION_REQUEST,TARGET_THREAT,"Тут палят, быстро удаляй переп",Проверено
KK_HIN_013416,SECRET_COMMUNICATION_REQUEST,TARGET_THREAT,"Маған тг-ға жаз [АККАУНТ], мұн",Проверено
KK_HIN_013123,SECRET_COMMUNICATION_REQUEST,TARGET_THREAT,"Маған тг-ға жаз [АККАУНТ], мұн",Проверено
RU_HIN_012249,SECRET_COMMUNICATION_REQUEST,TARGET_THREAT,"Тут палят, быстро удаляй переп",Проверено
KK_HIN_013185,SECRET_COMMUNICATION_REQUEST,TARGET_THREAT,"Маған тг-ға жаз [АККАУНТ], мұн",Проверено
KK_HIN_013477,SECRET_COMMUNICATION_REQUEST,TARGET_THREAT,"Мұнда бақылап отыр, хатты тез ",Проверено
KK_HIN_013280,SECRET_COMMUNICATION_REQUEST,TARGET_THREAT,"Мұнда бақылап отыр, хатты тез ",Проверено
KK_HIN_013448,SECRET_COMMUNICATION_REQUEST,TARGET_THREAT,"Маған тг-ға жаз [АККАУНТ], мұн",Проверено
KK_HIN_013323,SECRET_COMMUNICATION_REQUEST,TARGET_THREAT,"Мұнда бақылап отыр, хатты тез ",Проверено
RU_HIN_012471,SECRET_COMMUNICATION_REQUEST,TARGET_THREAT,"Тут палят, быстро удаляй переп",Проверено
RU_HIN_012687,SECRET_COMMUNICATION_REQUEST,TARGET_THREAT,"Пиши мне в тг [АККАУНТ], тут н",Проверено
KK_HIN_013316,SECRET_COMMUNICATION_REQUEST,TARGET_THREAT,"Маған тг-ға жаз [АККАУНТ], мұн",Проверено
RU_HIN_012389,SECRET_COMMUNICATION_REQUEST,TARGET_THREAT,"Тут палят, быстро удаляй переп",Проверено
KK_HIN_012771,SECRET_COMMUNICATION_REQUEST,TARGET_THREAT,"Мұнда бақылап отыр, хатты тез ",Проверено
RU_HIN_012309,SECRET_COMMUNICATION_REQUEST,TARGET_THREAT,"Пиши мне в тг [АККАУНТ], тут н",Проверено
KK_HIN_013142,SECRET_COMMUNICATION_REQUEST,TARGET_THREAT,"Мұнда бақылап отыр, хатты тез ",Проверено
KK_HIN_012926,SECRET_COMMUNICATION_REQUEST,TARGET_THREAT,"Маған тг-ға жаз [АККАУНТ], мұн",Проверено
KK_HIN_013245,SECRET_COMMUNICATION_REQUEST,TARGET_THREAT,"Маған тг-ға жаз [АККАУНТ], мұн",Проверено
RU_HIN_012725,SECRET_COMMUNICATION_REQUEST,TARGET_THREAT,"Пиши мне в тг [АККАУНТ], тут н",Проверено
RU_HIN_012083,SECRET_COMMUNICATION_REQUEST,TARGET_THREAT,"Пиши мне в тг [АККАУНТ], тут н",Проверено
RU_HIN_012251,SECRET_COMMUNICATION_REQUEST,TARGET_THREAT,"Пиши мне в тг [АККАУНТ], тут н",Проверено
RU_HIN_012388,SECRET_COMMUNICATION_REQUEST,TARGET_THREAT,"Тут палят, быстро удаляй переп",Проверено
KK_HIN_013243,SECRET_COMMUNICATION_REQUEST,TARGET_THREAT,"Мұнда бақылап отыр, хатты тез ",Проверено
RU_HIN_012665,SECRET_COMMUNICATION_REQUEST,TARGET_THREAT,"Тут палят, быстро удаляй переп",Проверено
RU_HIN_012226,SECRET_COMMUNICATION_REQUEST,TARGET_THREAT,"Пиши мне в тг [АККАУНТ], тут н",Проверено
RU_HIN_012573,SECRET_COMMUNICATION_REQUEST,TARGET_THREAT,"Пиши мне в тг [АККАУНТ], тут н",Проверено
RU_HIN_012708,SECRET_COMMUNICATION_REQUEST,TARGET_THREAT,"Тут палят, быстро удаляй переп",Проверено
RU_HIN_012256,SECRET_COMMUNICATION_REQUEST,TARGET_THREAT,"Пиши мне в тг [АККАУНТ], тут н",Проверено
RU_HIN_012168,SECRET_COMMUNICATION_REQUEST,TARGET_THREAT,"Пиши мне в тг [АККАУНТ], тут н",Проверено
KK_HIN_012786,SECRET_COMMUNICATION_REQUEST,TARGET_THREAT,"Маған тг-ға жаз [АККАУНТ], мұн",Проверено
KK_HIN_012941,SECRET_COMMUNICATION_REQUEST,TARGET_THREAT,"Мұнда бақылап отыр, хатты тез ",Проверено
KK_HIN_013353,SECRET_COMMUNICATION_REQUEST,TARGET_THREAT,"Маған тг-ға жаз [АККАУНТ], мұн",Проверено
KK_HIN_013204,SECRET_COMMUNICATION_REQUEST,TARGET_THREAT,"Маған тг-ға жаз [АККАУНТ], мұн",Проверено
RU_HIN_012079,SECRET_COMMUNICATION_REQUEST,TARGET_THREAT,"Пиши мне в тг [АККАУНТ], тут н",Проверено
RU_HIN_012667,SECRET_COMMUNICATION_REQUEST,TARGET_THREAT,"Пиши мне в тг [АККАУНТ], тут н",Проверено
KK_HIN_013249,SECRET_COMMUNICATION_REQUEST,TARGET_THREAT,"Маған тг-ға жаз [АККАУНТ], мұн",Проверено
KK_HIN_013378,SECRET_COMMUNICATION_REQUEST,TARGET_THREAT,"Маған тг-ға жаз [АККАУНТ], мұн",Проверено
RU_HIN_012610,SECRET_COMMUNICATION_REQUEST,TARGET_THREAT,"Пиши мне в тг [АККАУНТ], тут н",Проверено
RU_HIN_012442,SECRET_COMMUNICATION_REQUEST,TARGET_THREAT,"Тут палят, быстро удаляй переп",Проверено
RU_HIN_012006,SECRET_COMMUNICATION_REQUEST,TARGET_THREAT,"Пиши мне в тг [АККАУНТ], тут н",Проверено
RU_HIN_012220,SECRET_COMMUNICATION_REQUEST,TARGET_THREAT,"Пиши мне в тг [АККАУНТ], тут н",Проверено
RU_HIN_012384,SECRET_COMMUNICATION_REQUEST,TARGET_THREAT,"Тут палят, быстро удаляй переп",Проверено
RU_HIN_012338,SECRET_COMMUNICATION_REQUEST,TARGET_THREAT,"Тут палят, быстро удаляй переп",Проверено
KK_HIN_013455,SECRET_COMMUNICATION_REQUEST,TARGET_THREAT,"Мұнда бақылап отыр, хатты тез ",Проверено
RU_HIN_012122,SECRET_COMMUNICATION_REQUEST,TARGET_THREAT,"Тут палят, быстро удаляй переп",Проверено
RU_HIN_012378,SECRET_COMMUNICATION_REQUEST,TARGET_THREAT,"Тут палят, быстро удаляй переп",Проверено
KK_HIN_013428,SECRET_COMMUNICATION_REQUEST,TARGET_THREAT,"Маған тг-ға жаз [АККАУНТ], мұн",Проверено
KK_HIN_013471,SECRET_COMMUNICATION_REQUEST,TARGET_THREAT,"Мұнда бақылап отыр, хатты тез ",Проверено
RU_HIN_012690,SECRET_COMMUNICATION_REQUEST,TARGET_THREAT,"Тут палят, быстро удаляй переп",Проверено
RU_HIN_012180,SECRET_COMMUNICATION_REQUEST,TARGET_THREAT,"Пиши мне в тг [АККАУНТ], тут н",Проверено
KK_HIN_013305,SECRET_COMMUNICATION_REQUEST,TARGET_THREAT,"Маған тг-ға жаз [АККАУНТ], мұн",Проверено
KK_HIN_013265,SECRET_COMMUNICATION_REQUEST,TARGET_THREAT,"Маған тг-ға жаз [АККАУНТ], мұн",Проверено
KK_HIN_013223,SECRET_COMMUNICATION_REQUEST,OTHER_THREAT,"Маған тг-ға жаз [АККАУНТ], мұн",Проверено
KK_HIN_012998,SECRET_COMMUNICATION_REQUEST,OTHER_THREAT,"Мұнда бақылап отыр, хатты тез ",Проверено
RU_HIN_012728,SECRET_COMMUNICATION_REQUEST,OTHER_THREAT,"Пиши мне в тг [АККАУНТ], тут н",Проверено
KK_HIN_013145,SECRET_COMMUNICATION_REQUEST,OTHER_THREAT,"Мұнда бақылап отыр, хатты тез ",Проверено
KK_HIN_013397,SECRET_COMMUNICATION_REQUEST,OTHER_THREAT,"Маған тг-ға жаз [АККАУНТ], мұн",Проверено
KK_HIN_012995,SECRET_COMMUNICATION_REQUEST,OTHER_THREAT,"Маған тг-ға жаз [АККАУНТ], мұн",Проверено
RU_HIN_012348,SECRET_COMMUNICATION_REQUEST,OTHER_THREAT,"Тут палят, быстро удаляй переп",Проверено
RU_HIN_012664,SECRET_COMMUNICATION_REQUEST,OTHER_THREAT,"Пиши мне в тг [АККАУНТ], тут н",Проверено
KK_HIN_013130,SECRET_COMMUNICATION_REQUEST,OTHER_THREAT,"Мұнда бақылап отыр, хатты тез ",Проверено
KK_HIN_013143,SECRET_COMMUNICATION_REQUEST,OTHER_THREAT,"Маған тг-ға жаз [АККАУНТ], мұн",Проверено
KK_HIN_013194,SECRET_COMMUNICATION_REQUEST,NORMAL,"Маған тг-ға жаз [АККАУНТ], мұн",Проверено
RU_HIN_012242,SECRET_COMMUNICATION_REQUEST,NORMAL,"Тут палят, быстро удаляй переп",Проверено
KK_HIN_013317,SECRET_COMMUNICATION_REQUEST,NORMAL,"Маған тг-ға жаз [АККАУНТ], мұн",Проверено
RU_HIN_012734,SECRET_COMMUNICATION_REQUEST,NORMAL,"Тут палят, быстро удаляй переп",Проверено
RU_HIN_012458,SECRET_COMMUNICATION_REQUEST,NORMAL,"Пиши мне в тг [АККАУНТ], тут н",Проверено
RU_HIN_012325,SECRET_COMMUNICATION_REQUEST,NORMAL,"Пиши мне в тг [АККАУНТ], тут н",Проверено
RU_HIN_012473,SECRET_COMMUNICATION_REQUEST,NORMAL,"Пиши мне в тг [АККАУНТ], тут н",Проверено
KK_HIN_013330,SECRET_COMMUNICATION_REQUEST,NORMAL,"Мұнда бақылап отыр, хатты тез ",Проверено
KK_HIN_012956,SECRET_COMMUNICATION_REQUEST,NORMAL,"Маған тг-ға жаз [АККАУНТ], мұн",Проверено
KK_HIN_013148,SECRET_COMMUNICATION_REQUEST,NORMAL,"Мұнда бақылап отыр, хатты тез ",Проверено
KK_HIN_013357,SECRET_COMMUNICATION_REQUEST,UNCERTAIN,"Маған тг-ға жаз [АККАУНТ], мұн",Проверено
KK_HIN_013216,SECRET_COMMUNICATION_REQUEST,UNCERTAIN,"Мұнда бақылап отыр, хатты тез ",Проверено
KK_HIN_013490,SECRET_COMMUNICATION_REQUEST,UNCERTAIN,"Маған тг-ға жаз [АККАУНТ], мұн",Проверено
KK_HIN_013118,SECRET_COMMUNICATION_REQUEST,UNCERTAIN,"Маған тг-ға жаз [АККАУНТ], мұн",Проверено
KK_HIN_013370,SECRET_COMMUNICATION_REQUEST,UNCERTAIN,"Мұнда бақылап отыр, хатты тез ",Проверено
